package_name,used_version,serverity,downloadCount
jquery:jquery,1.11.2,medium,67785089
jquery:jquery,1.11.2,medium,67785089
jquery:jquery,1.11.2,medium,67785089
jquery:jquery,1.11.2,medium,67785089
jquery:jquery,1.8.3,medium,5840174
jquery:jquery,1.8.3,medium,5840174
jquery:jquery,1.8.3,medium,5840174
jquery:jquery,1.8.3,medium,5840174
jquery:jquery,1.8.3,medium,5840174
jquery:jquery,1.8.3,medium,5840174
jquery-ui:jquery-ui,1.12.1,medium,4297592
jquery-ui:jquery-ui,1.12.1,medium,4297592
jquery-ui:jquery-ui,1.12.1,medium,4297592
jquery-ui:jquery-ui,1.12.1,medium,4297592
jquery:jquery,3.3.1.slim,medium,3749215
jquery:jquery,3.3.1.slim,medium,3749215
jquery:jquery,3.3.1.slim,medium,3749215
jquery:jquery,1.11.1,medium,2509845
jquery:jquery,1.11.1,medium,2509845
jquery:jquery,1.11.1,medium,2509845
jquery:jquery,1.11.1,medium,2509845
jquery:jquery,2.1.4,medium,1125329
jquery:jquery,2.1.4,medium,1125329
jquery:jquery,2.1.4,medium,1125329
jquery:jquery,2.1.4,medium,1125329
markdown-it:No_npm_name,10.0.0,medium,1050316
jquery:jquery,1.8.3,medium,867547
jquery:jquery,1.8.3,medium,867547
jquery:jquery,1.8.3,medium,867547
jquery:jquery,1.8.3,medium,867547
jquery:jquery,1.8.3,medium,867547
jquery:jquery,1.8.3,medium,867547
axios:No_npm_name,0.16.2,medium,587886
jquery:jquery,3.4.1.slim,medium,534388
jquery:jquery,3.4.1.slim,medium,534388
jquery:jquery,1.7.2,medium,448491
jquery:jquery,1.7.2,medium,448491
jquery:jquery,1.7.2,medium,448491
jquery:jquery,1.7.2,medium,448491
jquery:jquery,1.7.2,medium,448491
jquery:jquery,1.7.2,medium,448491
svelte:No_npm_name,3.23.0,medium,438867
axios:No_npm_name,0.19.0,medium,418706
jquery:jquery,1-7,medium,377186
jquery:jquery,1-7,medium,377186
jquery:jquery,1-7,medium,377186
jquery:jquery,1-7,medium,377186
jquery:jquery,1-7,medium,377186
jquery:jquery,1-7,medium,377186
jquery:jquery,1.8.3,medium,376281
jquery:jquery,1.8.3,medium,376281
jquery:jquery,1.8.3,medium,376281
jquery:jquery,1.8.3,medium,376281
jquery:jquery,1.8.3,medium,376281
jquery:jquery,1.8.3,medium,376281
axios:No_npm_name,0.17.1,medium,373115
jquery:jquery,1.8.0,medium,363912
jquery:jquery,1.8.0,medium,363912
jquery:jquery,1.8.0,medium,363912
jquery:jquery,1.8.0,medium,363912
jquery:jquery,1.8.0,medium,363912
jquery:jquery,1.8.0,medium,363912
markdown-it:No_npm_name,10.0.0,medium,342837
axios:No_npm_name,0.19.0,medium,318113
jquery:jquery,3.4.1.slim,medium,298992
jquery:jquery,3.4.1.slim,medium,298992
markdown-it:No_npm_name,10.0.0,medium,255426
markdown-it:No_npm_name,12.0.6,medium,254804
axios:No_npm_name,0.21.0,medium,246348
jquery:jquery,3.3.1,medium,239928
jquery:jquery,3.3.1,medium,239928
jquery:jquery,3.3.1,medium,239928
jquery:jquery,3.2.1,medium,232868
jquery:jquery,3.2.1,medium,232868
jquery:jquery,3.2.1,medium,232868
axios:No_npm_name,0.18.0,medium,207848
jquery:jquery,2.1.0,medium,180416
jquery:jquery,2.1.0,medium,180416
jquery:jquery,2.1.0,medium,180416
jquery:jquery,2.1.0,medium,180416
jquery:jquery,3.4.1,medium,179713
jquery:jquery,3.4.1,medium,179713
jquery:jquery,3.3.1,medium,177674
jquery:jquery,3.3.1,medium,177674
jquery:jquery,3.3.1,medium,177674
jquery:jquery,3.2.1,medium,145321
jquery:jquery,3.2.1,medium,145321
jquery:jquery,3.2.1,medium,145321
axios:No_npm_name,0.19.0,medium,141791
axios:No_npm_name,0.19.2,medium,138532
jquery:jquery,3.0.0-alpha1,medium,128503
jquery:jquery,3.0.0-alpha1,medium,128503
jquery:jquery,3.0.0-alpha1,medium,128503
jquery:jquery,3.0.0-alpha1,medium,128503
axios:No_npm_name,0.19.2,medium,127550
markdown-it:No_npm_name,10.0.0,medium,117074
jquery:jquery,2.0.0,medium,112879
jquery:jquery,2.0.0,medium,112879
jquery:jquery,2.0.0,medium,112879
jquery:jquery,2.0.0,medium,112879
svelte:No_npm_name,3.44.2,medium,110405
jszip:No_npm_name,3.3.0,medium,105845
axios:No_npm_name,0.17.1,medium,103395
jquery:jquery,1.9.1,medium,103179
jquery:jquery,1.9.1,medium,103179
jquery:jquery,1.9.1,medium,103179
jquery:jquery,1.9.1,medium,103179
axios:No_npm_name,0.19.0,medium,103159
axios:No_npm_name,0.15.2,medium,101247
jquery:jquery,1.9.1,medium,100844
jquery:jquery,1.9.1,medium,100844
jquery:jquery,1.9.1,medium,100844
jquery:jquery,1.9.1,medium,100844
markdown-it:No_npm_name,8.4.0,medium,99557
jquery:jquery,1.6.4,medium,93576
jquery:jquery,1.6.4,medium,93576
jquery:jquery,1.6.4,medium,93576
jquery:jquery,1.6.4,medium,93576
jquery:jquery,1.6.4,medium,93576
jquery:jquery,1.6.4,medium,93576
markdown-it:No_npm_name,12.0.6,medium,92546
jquery:jquery,3.4.1,medium,81362
jquery:jquery,3.4.1,medium,81362
axios:No_npm_name,0.21.0,medium,80703
axios:No_npm_name,0.19.2,medium,80048
markdown-it:No_npm_name,10.0.0,medium,78933
axios:No_npm_name,0.19.2,medium,74477
axios:No_npm_name,0.17.1,medium,70819
jquery:jquery,1.8.3,medium,69792
jquery:jquery,1.8.3,medium,69792
jquery:jquery,1.8.3,medium,69792
jquery:jquery,1.8.3,medium,69792
jquery:jquery,1.8.3,medium,69792
jquery:jquery,1.8.3,medium,69792
jquery:jquery,3.3.1,medium,67440
jquery:jquery,3.3.1,medium,67440
jquery:jquery,3.3.1,medium,67440
jszip:No_npm_name,3.5.0,medium,66219
jquery:jquery,1.11.3,medium,64906
jquery:jquery,1.11.3,medium,64906
jquery:jquery,1.11.3,medium,64906
jquery:jquery,1.11.3,medium,64906
jquery:jquery,1.9.1,medium,64042
jquery:jquery,1.9.1,medium,64042
jquery:jquery,1.9.1,medium,64042
jquery:jquery,1.9.1,medium,64042
jquery:jquery,1.11.1,medium,63021
jquery:jquery,1.11.1,medium,63021
jquery:jquery,1.11.1,medium,63021
jquery:jquery,1.11.1,medium,63021
axios:No_npm_name,0.16.2,medium,60458
jquery:jquery,2.1.0,medium,59432
jquery:jquery,2.1.0,medium,59432
jquery:jquery,2.1.0,medium,59432
jquery:jquery,2.1.0,medium,59432
axios:No_npm_name,0.18.0,medium,55291
jquery:jquery,1.7.2,medium,54823
jquery:jquery,1.7.2,medium,54823
jquery:jquery,1.7.2,medium,54823
jquery:jquery,1.7.2,medium,54823
jquery:jquery,1.7.2,medium,54823
jquery:jquery,1.7.2,medium,54823
jquery:jquery,1.9.1,medium,54361
jquery:jquery,1.9.1,medium,54361
jquery:jquery,1.9.1,medium,54361
jquery:jquery,1.9.1,medium,54361
jquery:jquery,1.11.1,medium,54348
jquery:jquery,1.11.1,medium,54348
jquery:jquery,1.11.1,medium,54348
jquery:jquery,1.11.1,medium,54348
markdown-it:No_npm_name,10.0.0,medium,54000
markdown-it:No_npm_name,10.0.0,medium,53914
jszip:No_npm_name,3.6.0,medium,51809
jquery:jquery,1.8.0,medium,51323
jquery:jquery,1.8.0,medium,51323
jquery:jquery,1.8.0,medium,51323
jquery:jquery,1.8.0,medium,51323
jquery:jquery,1.8.0,medium,51323
jquery:jquery,1.8.0,medium,51323
axios:No_npm_name,0.18.0,medium,49688
handlebars:No_npm_name,2.0.0,medium,48559
jquery:jquery,3.3.1,medium,47773
jquery:jquery,3.3.1,medium,47773
jquery:jquery,3.3.1,medium,47773
axios:No_npm_name,0.16.2,medium,46665
jquery:jquery,1.12.4,medium,45955
jquery:jquery,1.12.4,medium,45955
jquery:jquery,1.12.4,medium,45955
jquery:jquery,1.12.4,medium,45955
axios:No_npm_name,0.15.3,medium,45569
jquery:jquery,3.1.0,medium,44717
jquery:jquery,3.1.0,medium,44717
jquery:jquery,3.1.0,medium,44717
jquery:jquery,2.2.4,medium,43819
jquery:jquery,2.2.4,medium,43819
jquery:jquery,2.2.4,medium,43819
jquery:jquery,2.2.4,medium,43819
jquery:jquery,3.4.1.slim,medium,43105
jquery:jquery,3.4.1.slim,medium,43105
markdown-it:No_npm_name,10.0.0,medium,42368
jquery:jquery,1.7.2,medium,40412
jquery:jquery,1.7.2,medium,40412
jquery:jquery,1.7.2,medium,40412
jquery:jquery,1.7.2,medium,40412
jquery:jquery,1.7.2,medium,40412
jquery:jquery,1.7.2,medium,40412
markdown-it:No_npm_name,8.4.1,medium,39603
jquery:jquery,2.1.1,medium,37021
jquery:jquery,2.1.1,medium,37021
jquery:jquery,2.1.1,medium,37021
jquery:jquery,2.1.1,medium,37021
jquery:jquery,3.2.1,medium,35642
jquery:jquery,3.2.1,medium,35642
jquery:jquery,3.2.1,medium,35642
axios:No_npm_name,0.18.0,medium,35142
jquery:jquery,2.2.4,medium,33834
jquery:jquery,2.2.4,medium,33834
jquery:jquery,2.2.4,medium,33834
jquery:jquery,2.2.4,medium,33834
jszip:No_npm_name,3.2.1,medium,33333
jquery:jquery,2.0.0,medium,33139
jquery:jquery,2.0.0,medium,33139
jquery:jquery,2.0.0,medium,33139
jquery:jquery,2.0.0,medium,33139
axios:No_npm_name,0.19.2,medium,32451
markdown-it:No_npm_name,10.0.0,medium,31900
jquery:jquery,1.9.1,medium,31339
jquery:jquery,1.9.1,medium,31339
jquery:jquery,1.9.1,medium,31339
jquery:jquery,1.9.1,medium,31339
jquery:jquery,1.11.1,medium,30531
jquery:jquery,1.11.1,medium,30531
jquery:jquery,1.11.1,medium,30531
jquery:jquery,1.11.1,medium,30531
jquery:jquery,1.12.4,medium,29238
jquery:jquery,1.12.4,medium,29238
jquery:jquery,1.12.4,medium,29238
jquery:jquery,1.12.4,medium,29238
jquery:jquery,3.2.1,medium,28592
jquery:jquery,3.2.1,medium,28592
jquery:jquery,3.2.1,medium,28592
jquery:jquery,1.11.1,medium,28338
jquery:jquery,1.11.1,medium,28338
jquery:jquery,1.11.1,medium,28338
jquery:jquery,1.11.1,medium,28338
markdown-it:No_npm_name,8.2.2,medium,28077
jszip:No_npm_name,3.5.0,medium,27606
axios:No_npm_name,0.21.0,medium,27382
jszip:No_npm_name,3.5.0,medium,27337
axios:No_npm_name,0.19.2,medium,26725
jquery:jquery,1.3.2,medium,26484
jquery:jquery,1.3.2,medium,26484
jquery:jquery,1.3.2,medium,26484
jquery:jquery,1.3.2,medium,26484
jquery:jquery,1.3.2,medium,26484
jquery:jquery,1.3.2,medium,26484
jquery:jquery,3.3.1,medium,26212
jquery:jquery,3.3.1,medium,26212
jquery:jquery,3.3.1,medium,26212
jquery:jquery,3.1.1,medium,26066
jquery:jquery,3.1.1,medium,26066
jquery:jquery,3.1.1,medium,26066
axios:No_npm_name,0.18.0,medium,26040
markdown-it:No_npm_name,8.4.0,medium,25805
markdown-it:No_npm_name,11.0.1,medium,25545
axios:No_npm_name,0.19.2,medium,25411
jquery:jquery,2.2.4,medium,24053
jquery:jquery,2.2.4,medium,24053
jquery:jquery,2.2.4,medium,24053
jquery:jquery,2.2.4,medium,24053
axios:No_npm_name,0.18.0,medium,23826
svelte:No_npm_name,3.32.3,medium,23717
jquery:jquery,1.9.1,medium,23715
jquery:jquery,1.9.1,medium,23715
jquery:jquery,1.9.1,medium,23715
jquery:jquery,1.9.1,medium,23715
jszip:No_npm_name,3.1.5,medium,23168
jquery:jquery,3.3.1,medium,22572
jquery:jquery,3.3.1,medium,22572
jquery:jquery,3.3.1,medium,22572
jquery:jquery,3.1.0,medium,22562
jquery:jquery,3.1.0,medium,22562
angularjs:angular,1.5.8,medium,22562
jquery:jquery,3.1.0,medium,22562
bootstrap:No_npm_name,4.1.0,medium,21987
bootstrap:No_npm_name,4.1.0,medium,21987
axios:No_npm_name,0.21.0,medium,21206
axios:No_npm_name,0.19.0,medium,20945
jquery:jquery,1.8.3,medium,20396
jquery:jquery,1.8.3,medium,20396
jquery:jquery,1.8.3,medium,20396
jquery:jquery,1.8.3,medium,20396
jquery:jquery,1.8.3,medium,20396
jquery:jquery,1.8.3,medium,20396
jquery:jquery,2.2.4,medium,19245
jquery:jquery,2.2.4,medium,19245
jquery:jquery,2.2.4,medium,19245
jquery:jquery,2.2.4,medium,19245
jquery:jquery,2.0.0,medium,18831
jquery:jquery,2.0.0,medium,18831
jquery:jquery,2.0.0,medium,18831
jquery:jquery,2.0.0,medium,18831
jquery:jquery,1.12.4,medium,18828
jquery:jquery,1.12.4,medium,18828
jquery:jquery,1.12.4,medium,18828
jquery:jquery,1.12.4,medium,18828
jszip:No_npm_name,3.3.0,medium,18710
axios:No_npm_name,0.19.0,medium,18566
jquery:jquery,1.3.2,medium,18391
jquery:jquery,1.3.2,medium,18391
jquery:jquery,1.3.2,medium,18391
jquery:jquery,1.3.2,medium,18391
jquery:jquery,1.3.2,medium,18391
jquery:jquery,1.3.2,medium,18391
jquery:jquery,3.3.1,medium,18030
jquery:jquery,3.3.1,medium,18030
jquery:jquery,3.3.1,medium,18030
markdown-it:No_npm_name,10.0.0,medium,18013
axios:No_npm_name,0.18.0,medium,17944
markdown-it:No_npm_name,10.0.0,medium,17675
jquery:jquery,1.7.2,medium,17239
jquery:jquery,1.7.2,medium,17239
jquery:jquery,1.7.2,medium,17239
jquery:jquery,1.7.2,medium,17239
jquery:jquery,1.7.2,medium,17239
jquery:jquery,1.7.2,medium,17239
axios:No_npm_name,0.19.0,medium,17224
axios:No_npm_name,0.18.1,medium,16809
jquery:jquery,1.6.1,medium,16383
jquery:jquery,1.6.1,medium,16383
jquery:jquery,1.6.1,medium,16383
jquery:jquery,1.6.1,medium,16383
jquery:jquery,1.6.1,medium,16383
jquery:jquery,1.6.1,medium,16383
jquery:jquery,1.6.1,medium,16383
axios:No_npm_name,0.16.2,medium,16233
moment.js:moment,2.10.6,medium,16224
axios:No_npm_name,0.19.0,medium,16091
svelte:No_npm_name,3.43.1,medium,15874
axios:No_npm_name,0.19.2,medium,15580
axios:No_npm_name,0.19.2,medium,15392
angularjs:angular,1.3.20,medium,15344
angularjs:angular,1.3.20,medium,15344
markdown-it:No_npm_name,10.0.0,medium,15268
jquery-ui:jquery-ui,1.12.1,medium,15252
jquery-ui:jquery-ui,1.12.1,medium,15252
jquery-ui:jquery-ui,1.12.1,medium,15252
jquery-ui:jquery-ui,1.12.1,medium,15252
markdown-it:No_npm_name,10.0.0,medium,15225
markdown-it:No_npm_name,12.2.0,medium,15199
svelte:No_npm_name,3.43.1,medium,15128
axios:No_npm_name,0.18.0,medium,15029
jquery:jquery,2.1.1,medium,14903
jquery:jquery,2.1.1,medium,14903
jquery:jquery,2.1.1,medium,14903
jquery:jquery,2.1.1,medium,14903
axios:No_npm_name,0.19.0,medium,14253
axios:No_npm_name,0.18.0,medium,13527
axios:No_npm_name,0.18.0,medium,13448
markdown-it:No_npm_name,10.0.0,medium,13397
axios:No_npm_name,0.16.1,medium,13287
axios:No_npm_name,0.19.2,medium,13167
axios:No_npm_name,0.17.1,medium,12854
jquery:jquery,2.0.3,medium,12762
jquery:jquery,2.0.3,medium,12762
jquery:jquery,2.0.3,medium,12762
jquery:jquery,2.0.3,medium,12762
axios:No_npm_name,0.18.1,medium,12698
jquery:jquery,1.3.2,medium,12672
jquery:jquery,1.3.2,medium,12672
jquery:jquery,1.3.2,medium,12672
jquery:jquery,1.3.2,medium,12672
jquery:jquery,1.3.2,medium,12672
jquery:jquery,1.3.2,medium,12672
jquery:jquery,3.4.1,medium,12653
jquery:jquery,3.4.1,medium,12653
jquery:jquery,3.2.1,medium,12549
jquery:jquery,3.2.1,medium,12549
jquery:jquery,3.2.1,medium,12549
jquery:jquery,2.1.4,medium,12383
jquery:jquery,2.1.4,medium,12383
jquery:jquery,2.1.4,medium,12383
jquery:jquery,2.1.4,medium,12383
markdown-it:No_npm_name,8.4.0,medium,12344
jquery:jquery,2.1.1,medium,12281
jquery:jquery,2.1.1,medium,12281
jquery:jquery,2.1.1,medium,12281
jquery:jquery,2.1.1,medium,12281
jquery:jquery,3.2.1,medium,12158
jquery:jquery,3.2.1,medium,12158
jquery:jquery,3.2.1,medium,12158
jquery:jquery,1.7.2,medium,11876
jquery:jquery,1.7.2,medium,11876
jquery:jquery,1.7.2,medium,11876
jquery:jquery,1.7.2,medium,11876
jquery:jquery,1.7.2,medium,11876
jquery:jquery,1.7.2,medium,11876
jquery:jquery,1.10.2,medium,11676
jquery:jquery,1.10.2,medium,11676
jquery:jquery,1.10.2,medium,11676
jquery:jquery,1.10.2,medium,11676
jquery:jquery,2.1.1,medium,11502
jquery:jquery,2.1.1,medium,11502
jquery:jquery,2.1.1,medium,11502
jquery:jquery,2.1.1,medium,11502
axios:No_npm_name,0.19.2,medium,11291
jquery:jquery,1.11.1,medium,11012
jquery:jquery,1.11.1,medium,11012
jquery:jquery,1.11.1,medium,11012
jquery:jquery,1.11.1,medium,11012
svelte:No_npm_name,3.31.2,medium,10864
axios:No_npm_name,0.19.2,medium,10747
axios:No_npm_name,0.18.1,medium,10639
jquery:jquery,1.12.1,medium,10373
jquery:jquery,1.12.1,medium,10373
jquery:jquery,1.12.1,medium,10373
markdown-it:No_npm_name,10.0.0,medium,10341
jquery:jquery,3.3.1,medium,10325
jquery:jquery,3.3.1,medium,10325
jquery:jquery,3.3.1,medium,10325
jquery:jquery,3.2.1,medium,10290
jquery:jquery,3.2.1,medium,10290
jquery:jquery,3.2.1,medium,10290
axios:No_npm_name,0.20.0,medium,10223
froala:froala-editor,3.1.0,medium,10218
markdown-it:No_npm_name,10.0.0,medium,10160
jquery:jquery,3.2.1,medium,9918
jquery:jquery,3.2.1,medium,9918
jquery:jquery,3.2.1,medium,9918
jquery:jquery,1.7.2,medium,9839
jquery:jquery,1.7.2,medium,9839
jquery:jquery,1.7.2,medium,9839
jquery:jquery,1.7.2,medium,9839
jquery:jquery,1.7.2,medium,9839
jquery:jquery,1.7.2,medium,9839
axios:No_npm_name,0.18.0,medium,9822
svelte:No_npm_name,3.44.2,medium,9804
jquery:jquery,1.7.2,medium,9727
jquery:jquery,1.7.2,medium,9727
jquery:jquery,1.7.2,medium,9727
jquery:jquery,1.7.2,medium,9727
jquery:jquery,1.7.2,medium,9727
jquery:jquery,1.7.2,medium,9727
jquery:jquery,1.3.2,medium,9684
jquery:jquery,1.3.2,medium,9684
jquery:jquery,1.3.2,medium,9684
jquery:jquery,1.3.2,medium,9684
jquery:jquery,1.3.2,medium,9684
jquery:jquery,1.3.2,medium,9684
axios:No_npm_name,0.18.0,medium,9672
jquery:jquery,2.1.1,medium,9630
jquery:jquery,2.1.1,medium,9630
jquery:jquery,2.1.1,medium,9630
jquery:jquery,2.1.1,medium,9630
jquery:jquery,3.4.1.slim,medium,9577
jquery:jquery,3.4.1.slim,medium,9577
jquery:jquery,1.11.1,medium,9494
jquery:jquery,1.11.1,medium,9494
jquery:jquery,1.11.1,medium,9494
jquery:jquery,1.11.1,medium,9494
axios:No_npm_name,0.19.2,medium,9400
jquery:jquery,3.1.1,medium,9332
jquery:jquery,3.1.1,medium,9332
jquery:jquery,3.1.1,medium,9332
markdown-it:No_npm_name,10.0.0,medium,9300
axios:No_npm_name,0.19.2,medium,9198
jquery:jquery,1.6.2,medium,9157
jquery:jquery,1.6.2,medium,9157
jquery:jquery,1.6.2,medium,9157
jquery:jquery,1.6.2,medium,9157
jquery:jquery,1.6.2,medium,9157
jquery:jquery,1.6.2,medium,9157
jquery:jquery,1.6.2,medium,9157
bootstrap:No_npm_name,3.3.7,medium,8834
bootstrap:No_npm_name,3.3.7,medium,8834
bootstrap:No_npm_name,3.3.7,medium,8834
bootstrap:No_npm_name,3.3.7,medium,8834
bootstrap:No_npm_name,3.3.7,medium,8834
axios:No_npm_name,0.19.2,medium,8821
jquery:jquery,1.9.1,medium,8706
jquery:jquery,1.9.1,medium,8706
jquery:jquery,1.9.1,medium,8706
jquery:jquery,1.9.1,medium,8706
markdown-it:No_npm_name,10.0.0,medium,8669
jquery-ui:jquery-ui,1.12.1,medium,8664
jquery-ui:jquery-ui,1.12.1,medium,8664
jquery-ui:jquery-ui,1.12.1,medium,8664
jquery-ui:jquery-ui,1.12.1,medium,8664
jquery:jquery,1.9.1,medium,8609
jquery:jquery,1.9.1,medium,8609
jquery:jquery,1.9.1,medium,8609
jquery:jquery,1.9.1,medium,8609
markdown-it:No_npm_name,8.4.2,medium,8120
jquery:jquery,2.0.2,medium,8034
jquery:jquery,2.0.2,medium,8034
jquery:jquery,2.0.2,medium,8034
jquery:jquery,2.0.2,medium,8034
markdown-it:No_npm_name,10.0.0,medium,8031
jquery:jquery,1.11.1,medium,7941
jquery:jquery,1.11.1,medium,7941
jquery:jquery,1.11.1,medium,7941
jquery:jquery,1.11.1,medium,7941
axios:No_npm_name,0.16.2,medium,7896
jquery:jquery,1.9.1,medium,7882
jquery:jquery,1.9.1,medium,7882
jquery:jquery,1.9.1,medium,7882
jquery:jquery,1.9.1,medium,7882
jquery:jquery,1.8.3,medium,7856
jquery:jquery,1.8.3,medium,7856
jquery:jquery,1.8.3,medium,7856
jquery:jquery,1.8.3,medium,7856
jquery:jquery,1.8.3,medium,7856
jquery:jquery,1.8.3,medium,7856
markdown-it:No_npm_name,10.0.0,medium,7440
jquery-ui:jquery-ui,1.11.2,medium,7418
jquery-ui-dialog:jquery-ui,1.11.2,medium,7418
jquery-ui:jquery-ui,1.11.2,medium,7418
jquery-ui:jquery-ui,1.11.2,medium,7418
jquery-ui:jquery-ui,1.11.2,medium,7418
jquery:jquery,3.1.1,medium,7388
jquery:jquery,3.1.1,medium,7388
jquery:jquery,3.1.1,medium,7388
markdown-it:No_npm_name,10.0.0,medium,7364
jquery:jquery,1.9.1,medium,7363
jquery:jquery,1.9.1,medium,7363
jquery:jquery,1.9.1,medium,7363
jquery:jquery,1.9.1,medium,7363
jquery:jquery,3.2.1,medium,7332
jquery:jquery,3.2.1,medium,7332
jquery:jquery,3.2.1,medium,7332
markdown-it:No_npm_name,10.0.0,medium,7327
jquery-ui:jquery-ui,1.12.1,medium,7283
jquery-ui:jquery-ui,1.12.1,medium,7283
jquery-ui:jquery-ui,1.12.1,medium,7283
jquery-ui:jquery-ui,1.12.1,medium,7283
axios:No_npm_name,0.18.1,medium,7193
jquery:jquery,3.4.1,medium,7097
jquery:jquery,3.4.1,medium,7097
axios:No_npm_name,0.18.0,medium,7028
axios:No_npm_name,0.19.2,medium,6988
jquery-ui:No_npm_name,1.13.1,medium,6943
jquery:jquery,1.9.1,medium,6919
jquery:jquery,1.9.1,medium,6919
jquery:jquery,1.9.1,medium,6919
jquery:jquery,1.9.1,medium,6919
jquery:jquery,3.3.1,medium,6751
jquery:jquery,3.3.1,medium,6751
jquery:jquery,3.3.1,medium,6751
jquery:jquery,1.11.1,medium,6731
jquery:jquery,1.11.1,medium,6731
jquery:jquery,1.11.1,medium,6731
jquery:jquery,1.11.1,medium,6731
markdown-it:No_npm_name,8.3.1,medium,6723
svelte:No_npm_name,3.32.3,medium,6634
bootstrap:No_npm_name,3.3.6,medium,6513
bootstrap:No_npm_name,3.3.6,medium,6513
bootstrap:No_npm_name,3.3.6,medium,6513
bootstrap:No_npm_name,3.3.6,medium,6513
bootstrap:No_npm_name,3.3.6,medium,6513
jquery:jquery,1.6.1,medium,6493
jquery:jquery,1.6.1,medium,6493
jquery:jquery,1.6.1,medium,6493
jquery:jquery,1.6.1,medium,6493
jquery:jquery,1.6.1,medium,6493
jquery:jquery,1.6.1,medium,6493
jquery:jquery,1.6.1,medium,6493
jquery:jquery,3.4.1.slim,medium,6461
jquery:jquery,3.4.1.slim,medium,6461
jquery:jquery,1.11.1,medium,6440
jquery:jquery,1.11.1,medium,6440
jquery:jquery,1.11.1,medium,6440
jquery:jquery,1.11.1,medium,6440
jquery:jquery,1.4.2,medium,6341
jquery:jquery,1.4.2,medium,6341
jquery:jquery,1.4.2,medium,6341
jquery:jquery,1.4.2,medium,6341
jquery:jquery,1.4.2,medium,6341
jquery:jquery,1.4.2,medium,6341
jquery:jquery,1.4.2,medium,6341
markdown-it:No_npm_name,10.0.0,medium,6319
svelte:No_npm_name,3.35.0,medium,6209
markdown-it:No_npm_name,8.3.1,medium,6126
jquery:jquery,2.1.1,medium,6109
jquery:jquery,2.1.1,medium,6109
jquery:jquery,2.1.1,medium,6109
jquery:jquery,2.1.1,medium,6109
jquery:jquery,2.0.0,medium,6100
jquery:jquery,2.0.0,medium,6100
jquery:jquery,2.0.0,medium,6100
jquery:jquery,2.0.0,medium,6100
jquery:jquery,1.6.1,medium,5952
jquery:jquery,1.6.1,medium,5952
jquery:jquery,1.6.1,medium,5952
jquery:jquery,1.6.1,medium,5952
jquery:jquery,1.6.1,medium,5952
jquery:jquery,1.6.1,medium,5952
jquery:jquery,1.6.1,medium,5952
axios:No_npm_name,0.19.2,medium,5812
axios:No_npm_name,0.21.0,medium,5800
markdown-it:No_npm_name,10.0.0,medium,5751
markdown-it:No_npm_name,10.0.0,medium,5718
axios:No_npm_name,0.18.0,medium,5714
axios:No_npm_name,0.19.0,medium,5707
jquery:jquery,1.3.2,medium,5679
jquery:jquery,1.3.2,medium,5679
jquery:jquery,1.3.2,medium,5679
jquery:jquery,1.3.2,medium,5679
jquery:jquery,1.3.2,medium,5679
jquery:jquery,1.3.2,medium,5679
axios:No_npm_name,0.19.2,medium,5657
jquery:jquery,3.4.1,medium,5655
jquery:jquery,3.4.1,medium,5655
jquery:jquery,1.12.4,medium,5600
jquery:jquery,1.12.4,medium,5600
jquery:jquery,1.12.4,medium,5600
jquery:jquery,1.12.4,medium,5600
jquery:jquery,1.12.4,medium,5574
jquery:jquery,1.12.4,medium,5574
jquery:jquery,1.12.4,medium,5574
jquery:jquery,1.12.4,medium,5574
bootstrap:No_npm_name,4.0.0,medium,5548
bootstrap:No_npm_name,4.0.0,medium,5548
jszip:No_npm_name,3.1.3,medium,5542
jquery:jquery,3.4.1,medium,5493
jquery:jquery,3.4.1,medium,5493
axios:No_npm_name,0.18.0,medium,5461
markdown-it:No_npm_name,10.0.0,medium,5393
axios:No_npm_name,0.19.2,medium,5157
axios:No_npm_name,0.18.1,medium,5125
axios:No_npm_name,0.19.2,medium,5119
jquery:jquery,2.0.0,medium,5082
jquery:jquery,2.0.0,medium,5082
jquery:jquery,2.0.0,medium,5082
jquery:jquery,2.0.0,medium,5082
axios:No_npm_name,0.19.0,medium,5042
jquery:jquery,1.6.2,medium,5017
jquery:jquery,1.6.2,medium,5017
jquery:jquery,1.6.2,medium,5017
jquery:jquery,1.6.2,medium,5017
jquery:jquery,1.6.2,medium,5017
jquery:jquery,1.6.2,medium,5017
jquery:jquery,1.6.2,medium,5017
bootstrap:No_npm_name,4.1.1,medium,5007
bootstrap:No_npm_name,4.1.1,medium,5007
markdown-it:No_npm_name,10.0.0,medium,4974
axios:No_npm_name,0.20.0,medium,4935
markdown-it:No_npm_name,10.0.0,medium,4900
axios:No_npm_name,0.19.2,medium,4789
axios:No_npm_name,0.18.0,medium,4756
axios:No_npm_name,0.16.2,medium,4704
axios:No_npm_name,0.19.2,medium,4666
markdown-it:No_npm_name,8.4.1,medium,4617
axios:No_npm_name,0.19.0,medium,4590
axios:No_npm_name,0.19.2,medium,4530
angularjs:angular,1.3.20,medium,4523
angularjs:angular,1.3.20,medium,4523
jquery:jquery,1.8.3,medium,4511
jquery:jquery,1.8.3,medium,4511
jquery:jquery,1.8.3,medium,4511
jquery:jquery,1.8.3,medium,4511
jquery:jquery,1.8.3,medium,4511
jquery:jquery,1.8.3,medium,4511
jquery:jquery,2.1.1,medium,4245
jquery:jquery,2.1.1,medium,4245
jquery:jquery,2.1.1,medium,4245
jquery:jquery,2.1.1,medium,4245
markdown-it:No_npm_name,10.0.0,medium,4222
axios:No_npm_name,0.18.0,medium,4132
angularjs:angular,1.6.3,medium,4107
markdown-it:No_npm_name,10.0.0,medium,4050
markdown-it:No_npm_name,12.3.0,medium,4048
jquery:jquery,1.7.2,medium,4042
jquery:jquery,1.7.2,medium,4042
jquery:jquery,1.7.2,medium,4042
jquery:jquery,1.7.2,medium,4042
jquery:jquery,1.7.2,medium,4042
jquery:jquery,1.7.2,medium,4042
axios:No_npm_name,0.19.2,medium,4030
axios:No_npm_name,0.18.1,medium,4018
jquery:jquery,3.1.1,medium,4011
jquery:jquery,3.1.1,medium,4011
jquery:jquery,3.1.1,medium,4011
jquery:jquery,3.3.1,medium,4010
jquery:jquery,3.3.1,medium,4010
jquery:jquery,3.3.1,medium,4010
markdown-it:No_npm_name,8.3.1,medium,3983
axios:No_npm_name,0.17.1,medium,3931
jquery:jquery,3.2.1,medium,3886
jquery:jquery,3.2.1,medium,3886
jquery:jquery,3.2.1,medium,3886
jquery:jquery,1.9.1,medium,3885
jquery:jquery,1.9.1,medium,3885
jquery:jquery,1.9.1,medium,3885
jquery:jquery,1.9.1,medium,3885
jquery:jquery,3.2.1,medium,3844
jquery:jquery,3.2.1,medium,3844
jquery:jquery,3.2.1,medium,3844
axios:No_npm_name,0.19.2,medium,3836
axios:No_npm_name,0.18.0,medium,3832
jquery:jquery,2.1.1,medium,3809
jquery:jquery,2.1.1,medium,3809
jquery:jquery,2.1.1,medium,3809
jquery:jquery,2.1.1,medium,3809
svelte:No_npm_name,3.38.2,medium,3795
axios:No_npm_name,0.18.0,medium,3791
jquery:jquery,2.1.1,medium,3615
jquery:jquery,2.1.1,medium,3615
jquery:jquery,2.1.1,medium,3615
jquery:jquery,2.1.1,medium,3615
DOMPurify:dompurify,2.0.7,medium,3601
axios:No_npm_name,0.19.0,medium,3576
jquery:jquery,2.1.1,medium,3553
jquery:jquery,2.1.1,medium,3553
jquery:jquery,2.1.1,medium,3553
axios:No_npm_name,0.19.0,medium,3553
jquery:jquery,2.1.1,medium,3553
jquery:jquery,3.3.1,medium,3536
jquery:jquery,3.3.1,medium,3536
jquery:jquery,3.3.1,medium,3536
jquery:jquery,1.11.2,medium,3520
jquery:jquery,1.11.2,medium,3520
jquery:jquery,1.11.2,medium,3520
jquery:jquery,1.11.2,medium,3520
axios:No_npm_name,0.18.0,medium,3498
markdown-it:No_npm_name,10.0.0,medium,3483
axios:No_npm_name,0.19.1,medium,3478
jquery:jquery,2.1.4,medium,3450
jquery:jquery,2.1.4,medium,3450
jquery:jquery,2.1.4,medium,3450
jquery:jquery,2.1.4,medium,3450
axios:No_npm_name,0.19.2,medium,3446
jquery:jquery,2.1.1,medium,3442
jquery:jquery,2.1.1,medium,3442
jquery:jquery,2.1.1,medium,3442
jquery:jquery,2.1.1,medium,3442
jquery:jquery,1.12.4,medium,3435
jquery:jquery,1.12.4,medium,3435
jquery:jquery,1.12.4,medium,3435
jquery:jquery,1.12.4,medium,3435
jquery:jquery,1.8.3,medium,3416
jquery:jquery,1.8.3,medium,3416
jquery:jquery,1.8.3,medium,3416
jquery:jquery,1.8.3,medium,3416
jquery:jquery,1.8.3,medium,3416
jquery:jquery,1.8.3,medium,3416
jquery:jquery,1.12.4,medium,3384
jquery:jquery,1.12.4,medium,3384
jquery:jquery,1.12.4,medium,3384
jquery:jquery,1.12.4,medium,3384
jquery:jquery,1.11.1,medium,3380
jquery:jquery,1.11.1,medium,3380
jquery:jquery,1.11.1,medium,3380
jquery:jquery,1.11.1,medium,3380
axios:No_npm_name,0.18.1,medium,3259
jquery:jquery,2.0.3,medium,3212
jquery:jquery,2.0.3,medium,3212
jquery:jquery,2.0.3,medium,3212
jquery:jquery,2.0.3,medium,3212
jquery:jquery,2.0.0,medium,3170
jquery:jquery,2.0.0,medium,3170
jquery:jquery,2.0.0,medium,3170
jquery:jquery,2.0.0,medium,3170
jquery:jquery,1.7.2,medium,3130
jquery:jquery,1.7.2,medium,3130
jquery:jquery,1.7.2,medium,3130
jquery:jquery,1.7.2,medium,3130
jquery:jquery,1.7.2,medium,3130
jquery:jquery,1.7.2,medium,3130
jquery:jquery,1.11.1,medium,3067
jquery:jquery,1.11.1,medium,3067
jquery:jquery,1.11.1,medium,3067
jquery:jquery,1.11.1,medium,3067
svelte:No_npm_name,3.32.3,medium,3066
jquery:jquery,1.11.1,medium,3056
jquery:jquery,1.11.1,medium,3056
jquery:jquery,1.11.1,medium,3056
jquery:jquery,1.11.1,medium,3056
axios:No_npm_name,0.19.0,medium,3024
axios:No_npm_name,0.19.0,medium,3017
axios:No_npm_name,0.19.0,medium,3011
jquery:jquery,3.3.1,medium,3003
jquery:jquery,3.3.1,medium,3003
jquery:jquery,3.3.1,medium,3003
jquery:jquery,3.2.1,medium,2985
jquery:jquery,3.2.1,medium,2985
jquery:jquery,3.2.1,medium,2985
markdown-it:No_npm_name,10.0.0,medium,2924
markdown-it:No_npm_name,10.0.0,medium,2919
markdown-it:No_npm_name,10.0.0,medium,2905
jquery:jquery,3.3.1,medium,2887
jquery:jquery,3.3.1,medium,2887
jquery:jquery,3.3.1,medium,2887
markdown-it:No_npm_name,8.4.2,medium,2885
axios:No_npm_name,0.21.0,medium,2858
markdown-it:No_npm_name,10.0.0,medium,2852
axios:No_npm_name,0.19.2,medium,2797
axios:No_npm_name,0.19.0,medium,2786
axios:No_npm_name,0.18.0,medium,2770
axios:No_npm_name,0.19.2,medium,2708
axios:No_npm_name,0.19.2,medium,2706
svelte:No_npm_name,3.38.2,medium,2699
jquery:jquery,3.3.1,medium,2687
jquery:jquery,3.3.1,medium,2687
jquery:jquery,3.3.1,medium,2687
bootstrap:No_npm_name,3.3.6,medium,2680
bootstrap:No_npm_name,3.3.6,medium,2680
bootstrap:No_npm_name,3.3.6,medium,2680
bootstrap:No_npm_name,3.3.6,medium,2680
bootstrap:No_npm_name,3.3.6,medium,2680
angularjs:angular,1.3.20,medium,2662
angularjs:angular,1.3.20,medium,2662
jquery:jquery,2.1.4,medium,2654
jquery:jquery,2.1.4,medium,2654
jquery:jquery,2.1.4,medium,2654
jquery:jquery,2.1.4,medium,2654
axios:No_npm_name,0.19.0,medium,2638
markdown-it:No_npm_name,10.0.0,medium,2628
bootstrap:No_npm_name,3.3.2,medium,2611
bootstrap:No_npm_name,3.3.2,medium,2611
bootstrap:No_npm_name,3.3.2,medium,2611
bootstrap:No_npm_name,3.3.2,medium,2611
bootstrap:No_npm_name,3.3.2,medium,2611
axios:No_npm_name,0.19.0,medium,2605
markdown-it:No_npm_name,10.0.0,medium,2560
jquery:jquery,1.9.1,medium,2535
jquery:jquery,1.9.1,medium,2535
jquery:jquery,1.9.1,medium,2535
jquery:jquery,1.9.1,medium,2535
markdown-it:No_npm_name,10.0.0,medium,2535
jquery:jquery,2.1.0-beta2,medium,2531
jquery:jquery,2.1.0-beta2,medium,2531
jquery:jquery,2.1.0-beta2,medium,2531
jquery:jquery,2.1.0-beta2,medium,2531
markdown-it:No_npm_name,10.0.0,medium,2528
jquery:jquery,1.6.4,medium,2507
jquery:jquery,1.6.4,medium,2507
jquery:jquery,1.6.4,medium,2507
jquery:jquery,1.6.4,medium,2507
jquery:jquery,1.6.4,medium,2507
jquery:jquery,1.6.4,medium,2507
jszip:No_npm_name,3.1.3,medium,2496
axios:No_npm_name,0.19.0,medium,2495
axios:No_npm_name,0.19.0,medium,2470
jquery:jquery,3.3.1,medium,2463
jquery:jquery,3.3.1,medium,2463
jquery:jquery,3.3.1,medium,2463
jquery:jquery,3.1.0,medium,2462
jquery:jquery,3.1.0,medium,2462
jquery:jquery,3.1.0,medium,2462
jquery:jquery,2.1.1,medium,2433
jquery:jquery,2.1.1,medium,2433
jquery:jquery,2.1.1,medium,2433
jquery:jquery,2.1.1,medium,2433
markdown-it:No_npm_name,10.0.0,medium,2419
jquery:jquery,2.1.1,medium,2408
jquery:jquery,2.1.1,medium,2408
jquery:jquery,2.1.1,medium,2408
jquery:jquery,2.1.1,medium,2408
jquery:jquery,1.9.1,medium,2392
jquery:jquery,1.9.1,medium,2392
jquery:jquery,1.9.1,medium,2392
jquery:jquery,1.9.1,medium,2392
axios:No_npm_name,0.18.0,medium,2375
markdown-it:No_npm_name,10.0.0,medium,2353
jszip:No_npm_name,3.1.5,medium,2332
axios:No_npm_name,0.16.2,medium,2312
axios:No_npm_name,0.21.0,medium,2306
axios:No_npm_name,0.19.2,medium,2289
jquery:jquery,3.4.1.slim,medium,2274
jquery:jquery,3.4.1.slim,medium,2274
jquery:jquery,1.11.1,medium,2264
jquery:jquery,1.11.1,medium,2264
jquery:jquery,1.11.1,medium,2264
axios:No_npm_name,0.19.2,medium,2264
jquery:jquery,1.11.1,medium,2264
jquery:jquery,2.1.1,medium,2255
jquery:jquery,2.1.1,medium,2255
jquery:jquery,2.1.1,medium,2255
jquery:jquery,2.1.1,medium,2255
jquery:jquery,3.2.1,medium,2245
jquery:jquery,3.2.1,medium,2245
jquery:jquery,3.2.1,medium,2245
jquery:jquery,3.3.1,medium,2215
jquery:jquery,3.3.1,medium,2215
jquery:jquery,3.3.1,medium,2215
axios:No_npm_name,0.21.0,medium,2207
jszip:No_npm_name,3.1.3,medium,2199
axios:No_npm_name,0.21.0,medium,2181
axios:No_npm_name,0.19.0,medium,2178
jquery:jquery,2.1.1,medium,2167
jquery:jquery,2.1.1,medium,2167
jquery:jquery,2.1.1,medium,2167
jquery:jquery,2.1.1,medium,2167
axios:No_npm_name,0.20.0,medium,2164
axios:No_npm_name,0.18.0,medium,2136
axios:No_npm_name,0.19.2,medium,2124
jquery:jquery,1.11.1,medium,2105
jquery:jquery,1.11.1,medium,2105
jquery:jquery,1.11.1,medium,2105
jquery:jquery,1.11.1,medium,2105
jquery:jquery,1.8.1,medium,2095
jquery:jquery,1.8.1,medium,2095
jquery:jquery,1.8.1,medium,2095
jquery:jquery,1.8.1,medium,2095
jquery:jquery,1.8.1,medium,2095
jquery:jquery,1.8.1,medium,2095
axios:No_npm_name,0.19.2,medium,2092
axios:No_npm_name,0.18.0,medium,2082
axios:No_npm_name,0.19.2,medium,2065
jquery:jquery,1.7.2,medium,2061
jquery:jquery,1.7.2,medium,2061
jquery:jquery,1.7.2,medium,2061
jquery:jquery,1.7.2,medium,2061
jquery:jquery,1.7.2,medium,2061
jquery:jquery,1.7.2,medium,2061
axios:No_npm_name,0.19.0,medium,2018
axios:No_npm_name,0.19.2,medium,2018
axios:No_npm_name,0.18.0,medium,2007
jquery:jquery,1.8.2,medium,1992
jquery:jquery,1.8.2,medium,1992
jquery:jquery,1.8.2,medium,1992
jquery:jquery,1.8.2,medium,1992
jquery:jquery,1.8.2,medium,1992
jquery:jquery,1.8.2,medium,1992
axios:No_npm_name,0.18.0,medium,1988
axios:No_npm_name,0.18.0,medium,1977
markdown-it:No_npm_name,11.0.1,medium,1967
bootstrap:No_npm_name,3.3.1,medium,1913
bootstrap:No_npm_name,3.3.1,medium,1913
bootstrap:No_npm_name,3.3.1,medium,1913
bootstrap:No_npm_name,3.3.1,medium,1913
bootstrap:No_npm_name,3.3.1,medium,1913
axios:No_npm_name,0.18.1,medium,1912
angularjs:angular,1.6.4,medium,1898
markdown-it:No_npm_name,12.0.6,medium,1864
jquery:jquery,2.1.1,medium,1847
jquery:jquery,2.1.1,medium,1847
jquery:jquery,2.1.1,medium,1847
jquery:jquery,2.1.1,medium,1847
markdown-it:No_npm_name,8.4.2,medium,1839
axios:No_npm_name,0.19.2,medium,1823
jquery:jquery,2.1.0,medium,1820
jquery:jquery,2.1.0,medium,1820
jquery:jquery,2.1.0,medium,1820
jquery:jquery,2.1.0,medium,1820
jszip:No_npm_name,3.1.3,medium,1820
jquery:jquery,1.5,medium,1811
jquery:jquery,1.5,medium,1811
jquery:jquery,1.5,medium,1811
jquery:jquery,1.5,medium,1811
jquery:jquery,1.5,medium,1811
jquery:jquery,1.5,medium,1811
jquery:jquery,1.5,medium,1811
axios:No_npm_name,0.21.0,medium,1798
axios:No_npm_name,0.21.0,medium,1794
DOMPurify:dompurify,2.0.7,medium,1775
jquery:jquery,1.11.1,medium,1747
jquery:jquery,1.11.1,medium,1747
jquery:jquery,1.11.1,medium,1747
jquery:jquery,1.11.1,medium,1747
DOMPurify:dompurify,1.0.8,medium,1743
axios:No_npm_name,0.19.0,medium,1728
axios:No_npm_name,0.19.2,medium,1723
jquery-ui:jquery-ui,1.12.0,medium,1716
jquery-ui:jquery-ui,1.12.0,medium,1716
jquery-ui:jquery-ui,1.12.0,medium,1716
jquery-ui:jquery-ui,1.12.0,medium,1716
jquery:jquery,2.2.4,medium,1715
jquery:jquery,2.2.4,medium,1715
jquery:jquery,2.2.4,medium,1715
jquery:jquery,2.2.4,medium,1715
jquery:jquery,2.2.4,medium,1712
jquery:jquery,2.2.4,medium,1712
jquery:jquery,2.2.4,medium,1712
jquery:jquery,2.2.4,medium,1712
markdown-it:No_npm_name,10.0.0,medium,1712
markdown-it:No_npm_name,8.4.2,medium,1676
jquery:jquery,2.0.0,medium,1649
jquery:jquery,2.0.0,medium,1649
jquery:jquery,2.0.0,medium,1649
jquery:jquery,2.0.0,medium,1649
jquery:jquery,2.0.0,medium,1647
jquery:jquery,2.0.0,medium,1647
jquery:jquery,2.0.0,medium,1647
jquery:jquery,2.0.0,medium,1647
axios:No_npm_name,0.20.0,medium,1622
jquery:jquery,1.9.1,medium,1602
jquery:jquery,1.9.1,medium,1602
jquery:jquery,1.9.1,medium,1602
jquery:jquery,1.9.1,medium,1602
axios:No_npm_name,0.18.0,medium,1596
markdown-it:No_npm_name,10.0.0,medium,1567
markdown-it:No_npm_name,10.0.0,medium,1534
jquery:jquery,3.1.0,medium,1505
jquery:jquery,3.1.0,medium,1505
jquery:jquery,3.1.0,medium,1505
bootstrap:No_npm_name,3.3.7,medium,1501
bootstrap:No_npm_name,3.3.7,medium,1501
bootstrap:No_npm_name,3.3.7,medium,1501
bootstrap:No_npm_name,3.3.7,medium,1501
bootstrap:No_npm_name,3.3.7,medium,1501
axios:No_npm_name,0.18.1,medium,1465
axios:No_npm_name,0.18.0,medium,1462
markdown-it:No_npm_name,10.0.0,medium,1444
jquery:jquery,1.11.1,medium,1427
jquery:jquery,1.11.1,medium,1427
jquery:jquery,1.11.1,medium,1427
jquery:jquery,1.11.1,medium,1427
markdown-it:No_npm_name,8.4.0,medium,1399
jquery:jquery,1.4.2,medium,1384
jquery:jquery,1.4.2,medium,1384
jquery:jquery,1.4.2,medium,1384
jquery:jquery,1.4.2,medium,1384
jquery:jquery,1.4.2,medium,1384
jquery:jquery,1.4.2,medium,1384
jquery:jquery,1.4.2,medium,1384
jquery:jquery,1.12.4,medium,1377
jquery:jquery,1.12.4,medium,1377
jquery:jquery,1.12.4,medium,1377
jquery:jquery,1.12.4,medium,1377
axios:No_npm_name,0.18.0,medium,1364
axios:No_npm_name,0.19.2,medium,1361
axios:No_npm_name,0.20.0,medium,1358
markdown-it:No_npm_name,10.0.0,medium,1351
axios:No_npm_name,0.17.1,medium,1334
axios:No_npm_name,0.19.2,medium,1329
axios:No_npm_name,0.19.0,medium,1325
axios:No_npm_name,0.16.2,medium,1321
bootstrap:No_npm_name,3.0.3,medium,1316
bootstrap:No_npm_name,3.0.3,medium,1316
bootstrap:No_npm_name,3.0.3,medium,1316
bootstrap:No_npm_name,3.0.3,medium,1316
bootstrap:No_npm_name,3.0.3,medium,1316
axios:No_npm_name,0.19.2,medium,1306
axios:No_npm_name,0.19.2,medium,1305
jquery:jquery,1.11.1,medium,1304
jquery:jquery,1.11.1,medium,1304
jquery:jquery,1.11.1,medium,1304
jquery:jquery,1.11.1,medium,1304
jquery:jquery,2.1.4,medium,1302
jquery:jquery,2.1.4,medium,1302
jquery:jquery,2.1.4,medium,1302
jquery:jquery,2.1.4,medium,1302
svelte:No_npm_name,3.42.6,medium,1296
jquery:jquery,1.6.1,medium,1279
jquery:jquery,1.6.1,medium,1279
jquery:jquery,1.6.1,medium,1279
jquery:jquery,1.6.1,medium,1279
jquery:jquery,1.6.1,medium,1279
jquery:jquery,1.6.1,medium,1279
jquery:jquery,1.6.1,medium,1279
jquery:jquery,1.7.2,medium,1278
jquery:jquery,1.7.2,medium,1278
jquery:jquery,1.7.2,medium,1278
jquery:jquery,1.7.2,medium,1278
jquery:jquery,1.7.2,medium,1278
jquery:jquery,1.7.2,medium,1278
axios:No_npm_name,0.19.0,medium,1270
jquery:jquery,3.2.1,medium,1265
jquery:jquery,3.2.1,medium,1265
jquery:jquery,3.2.1,medium,1265
axios:No_npm_name,0.19.2,medium,1259
axios:No_npm_name,0.19.0,medium,1258
markdown-it:No_npm_name,10.0.0,medium,1256
jquery:jquery,3.4.1,medium,1247
jquery:jquery,3.4.1,medium,1247
jquery:jquery,3.3.1,medium,1239
jquery:jquery,3.3.1,medium,1239
jquery:jquery,3.3.1,medium,1239
axios:No_npm_name,0.18.1,medium,1237
YUI:yui,2.9.0,medium,1229
YUI:yui,2.9.0,medium,1229
YUI:yui,2.9.0,medium,1229
jquery:jquery,1.11.3,medium,1223
jquery:jquery,1.11.3,medium,1223
jquery:jquery,1.11.3,medium,1223
jquery:jquery,1.11.3,medium,1223
axios:No_npm_name,0.19.2,medium,1214
markdown-it:No_npm_name,10.0.0,medium,1183
markdown-it:No_npm_name,10.0.0,medium,1169
axios:No_npm_name,0.19.2,medium,1165
jquery:jquery,1.7.2,medium,1156
jquery:jquery,1.7.2,medium,1156
jquery:jquery,1.7.2,medium,1156
jquery:jquery,1.7.2,medium,1156
jquery:jquery,1.7.2,medium,1156
jquery:jquery,1.7.2,medium,1156
jquery:jquery,1.11.1,medium,1145
jquery:jquery,1.11.1,medium,1145
jquery:jquery,1.11.1,medium,1145
jquery:jquery,1.11.1,medium,1145
axios:No_npm_name,0.19.0,medium,1139
axios:No_npm_name,0.20.0,medium,1136
axios:No_npm_name,0.18.0,medium,1133
markdown-it:No_npm_name,10.0.0,medium,1132
jquery:jquery,1.11.1,medium,1128
jquery:jquery,1.11.1,medium,1128
jquery:jquery,1.11.1,medium,1128
jquery:jquery,1.11.1,medium,1128
jquery:jquery,3.3.1,medium,1126
jquery:jquery,3.3.1,medium,1126
jquery:jquery,3.3.1,medium,1126
jquery:jquery,3.4.1,medium,1119
jquery:jquery,3.4.1,medium,1119
axios:No_npm_name,0.21.0,medium,1114
jquery-ui:jquery-ui,1.11.4,medium,1107
jquery-ui:jquery-ui,1.11.4,medium,1107
jquery-ui-dialog:jquery-ui,1.11.4,medium,1107
jquery-ui:jquery-ui,1.11.4,medium,1107
jquery-ui:jquery-ui,1.11.4,medium,1107
jquery:jquery,3.2.1,medium,1106
jquery:jquery,3.2.1,medium,1106
jquery:jquery,3.2.1,medium,1106
jszip:No_npm_name,3.2.1,medium,1104
jquery-ui:jquery-ui,1.8.18,medium,1103
jquery:jquery,1.7.1,medium,1103
jquery:jquery,1.7.1,medium,1103
jquery:jquery,1.7.1,medium,1103
jquery-ui:jquery-ui,1.8.18,medium,1103
jquery-ui:jquery-ui,1.8.18,medium,1103
jquery:jquery,1.7.1,medium,1103
jquery:jquery,1.7.1,medium,1103
jquery-ui:jquery-ui,1.8.18,medium,1103
jquery:jquery,1.7.1,medium,1103
jquery:jquery,1.10.2,medium,1101
jquery:jquery,1.10.2,medium,1101
jquery:jquery,1.10.2,medium,1101
jquery:jquery,1.10.2,medium,1101
jquery:jquery,1.11.1,medium,1098
jquery:jquery,1.11.1,medium,1098
jquery:jquery,1.11.1,medium,1098
jquery:jquery,1.11.1,medium,1098
jquery:jquery,1.9.1,medium,1088
jquery:jquery,1.9.1,medium,1088
jquery:jquery,1.9.1,medium,1088
jquery:jquery,1.9.1,medium,1088
jquery:jquery,1.11.1,medium,1078
jquery:jquery,1.11.1,medium,1078
jquery:jquery,1.11.1,medium,1078
jquery:jquery,1.11.1,medium,1078
jquery:jquery,3.3.1.slim,medium,1077
jquery:jquery,3.3.1.slim,medium,1077
jquery:jquery,3.3.1.slim,medium,1077
markdown-it:No_npm_name,8.3.1,medium,1074
jquery:jquery,2.1.1,medium,1072
jquery:jquery,2.1.1,medium,1072
jquery:jquery,2.1.1,medium,1072
jquery:jquery,2.1.1,medium,1072
axios:No_npm_name,0.18.0,medium,1061
tinyMCE:tinymce,5.10.2,medium,1059
axios:No_npm_name,0.19.2,medium,1051
jquery-ui:jquery-ui,1.8.17,medium,1041
jquery-ui:jquery-ui,1.8.17,medium,1041
jquery-ui:jquery-ui,1.8.17,medium,1041
jquery-ui:jquery-ui,1.8.17,medium,1041
jquery:jquery,1.11.3,medium,1034
jquery:jquery,1.11.3,medium,1034
jquery:jquery,1.11.3,medium,1034
jquery:jquery,1.11.3,medium,1034
bootstrap:No_npm_name,3.3.7,medium,1032
bootstrap:No_npm_name,3.3.7,medium,1032
bootstrap:No_npm_name,3.3.7,medium,1032
bootstrap:No_npm_name,3.3.7,medium,1032
bootstrap:No_npm_name,3.3.7,medium,1032
axios:No_npm_name,0.19.0,medium,1030
axios:No_npm_name,0.19.0,medium,1027
jquery:jquery,1.9.1,medium,1006
jquery:jquery,1.9.1,medium,1006
jquery:jquery,1.9.1,medium,1006
jquery:jquery,1.9.1,medium,1006
jquery:jquery,1.9.1,medium,1003
jquery:jquery,1.9.1,medium,1003
jquery:jquery,1.9.1,medium,1003
jquery:jquery,1.9.1,medium,1003
axios:No_npm_name,0.18.1,medium,1000
markdown-it:No_npm_name,10.0.0,medium,993
axios:No_npm_name,0.21.0,medium,989
markdown-it:No_npm_name,10.0.0,medium,989
jquery:jquery,2.1.4,medium,984
jquery:jquery,2.1.4,medium,984
jquery:jquery,2.1.4,medium,984
jquery:jquery,2.1.4,medium,984
axios:No_npm_name,0.18.0,medium,975
markdown-it:No_npm_name,12.3.0,medium,975
markdown-it:No_npm_name,8.4.2,medium,970
axios:No_npm_name,0.18.0,medium,954
axios:No_npm_name,0.21.0,medium,946
axios:No_npm_name,0.19.2,medium,939
markdown-it:No_npm_name,10.0.0,medium,931
axios:No_npm_name,0.19.2,medium,930
jquery:jquery,2.2.0,medium,926
jquery:jquery,2.2.0,medium,926
jquery:jquery,2.2.0,medium,926
jquery:jquery,2.2.0,medium,926
axios:No_npm_name,0.19.2,medium,920
axios:No_npm_name,0.21.0,medium,913
markdown-it:No_npm_name,10.0.0,medium,905
jquery:jquery,1.11.1,medium,893
jquery:jquery,1.11.1,medium,893
jquery:jquery,1.11.1,medium,893
jquery:jquery,1.11.1,medium,893
jquery:jquery,1.7.2,medium,890
jquery:jquery,1.7.2,medium,890
jquery:jquery,1.7.2,medium,890
jquery:jquery,1.7.2,medium,890
jquery:jquery,1.7.2,medium,890
jquery:jquery,1.7.2,medium,890
axios:No_npm_name,0.19.2,medium,879
markdown-it:No_npm_name,10.0.0,medium,877
axios:No_npm_name,0.19.1,medium,877
axios:No_npm_name,0.18.0,medium,870
jquery:jquery,1.6.4,medium,857
jquery:jquery,1.6.4,medium,857
jquery:jquery,1.6.4,medium,857
jquery:jquery,1.6.4,medium,857
markdown-it:No_npm_name,10.0.0,medium,857
jquery:jquery,1.6.4,medium,857
jquery:jquery,1.6.4,medium,857
jquery:jquery,1.11.3,medium,855
jquery:jquery,1.11.3,medium,855
jquery:jquery,1.11.3,medium,855
jquery:jquery,1.11.3,medium,855
axios:No_npm_name,0.21.0,medium,852
axios:No_npm_name,0.19.0,medium,832
axios:No_npm_name,0.19.0,medium,830
jquery:jquery,1.7.2,medium,825
jquery:jquery,1.7.2,medium,825
jquery:jquery,1.7.2,medium,825
jquery:jquery,1.7.2,medium,825
jquery:jquery,1.7.2,medium,825
jquery:jquery,1.7.2,medium,825
jquery:jquery,1.9.1,medium,824
jquery:jquery,1.9.1,medium,824
jquery:jquery,1.9.1,medium,824
jquery:jquery,1.9.1,medium,824
jquery:jquery,3.2.1,medium,822
jquery:jquery,3.2.1,medium,822
jquery:jquery,3.2.1,medium,822
markdown-it:No_npm_name,10.0.0,medium,813
jquery:jquery,2.1.4,medium,811
jquery:jquery,2.1.4,medium,811
jquery:jquery,2.1.4,medium,811
jquery:jquery,2.1.4,medium,811
jquery:jquery,2.0.0,medium,807
jquery:jquery,2.0.0,medium,807
jquery:jquery,2.0.0,medium,807
jquery:jquery,2.0.0,medium,807
axios:No_npm_name,0.19.2,medium,799
axios:No_npm_name,0.19.2,medium,797
axios:No_npm_name,0.21.0,medium,780
axios:No_npm_name,0.19.0,medium,779
markdown-it:No_npm_name,10.0.0,medium,776
markdown-it:No_npm_name,8.4.1,medium,776
axios:No_npm_name,0.20.0,medium,775
axios:No_npm_name,0.19.2,medium,767
jquery:jquery,1.7.1,medium,765
jquery:jquery,1.7.1,medium,765
jquery:jquery,1.7.1,medium,765
jquery:jquery,1.7.1,medium,765
jquery:jquery,1.7.1,medium,765
jquery:jquery,1.7.1,medium,765
jquery:jquery,3.3.1,medium,764
axios:No_npm_name,0.19.0,medium,764
axios:No_npm_name,0.18.1,medium,764
jquery:jquery,3.3.1,medium,764
jquery:jquery,3.3.1,medium,764
markdown-it:No_npm_name,10.0.0,medium,758
jquery:jquery,2.1.1,medium,751
jquery:jquery,2.1.1,medium,751
jquery:jquery,2.1.1,medium,751
jquery:jquery,2.1.1,medium,751
axios:No_npm_name,0.21.0,medium,748
axios:No_npm_name,0.18.1,medium,739
axios:No_npm_name,0.19.0,medium,739
axios:No_npm_name,0.19.2,medium,739
axios:No_npm_name,0.19.2,medium,738
axios:No_npm_name,0.19.0,medium,735
jquery:jquery,3.1.0,medium,726
jquery:jquery,3.1.0,medium,726
jquery:jquery,3.1.0,medium,726
jquery:jquery,2.1.1,medium,722
jquery:jquery,2.1.1,medium,722
jquery:jquery,2.1.1,medium,722
jquery:jquery,2.1.1,medium,722
axios:No_npm_name,0.19.1,medium,701
axios:No_npm_name,0.18.0,medium,696
jquery:jquery,1.9.1,medium,694
jquery:jquery,1.9.1,medium,694
jquery:jquery,1.9.1,medium,694
jquery:jquery,1.9.1,medium,694
axios:No_npm_name,0.19.2,medium,688
markdown-it:No_npm_name,8.4.0,medium,688
jquery:jquery,1.6.1,medium,674
jquery:jquery,1.6.1,medium,674
jquery:jquery,1.6.1,medium,674
jquery:jquery,1.6.1,medium,674
jquery:jquery,1.6.1,medium,674
jquery:jquery,1.6.1,medium,674
jquery:jquery,1.6.1,medium,674
axios:No_npm_name,0.19.2,medium,673
axios:No_npm_name,0.19.2,medium,656
axios:No_npm_name,0.18.0,medium,654
axios:No_npm_name,0.19.0,medium,652
axios:No_npm_name,0.19.2,medium,647
jszip:No_npm_name,3.3.0,medium,645
jszip:No_npm_name,3.1.5,medium,642
axios:No_npm_name,0.18.0,medium,639
markdown-it:No_npm_name,10.0.0,medium,634
markdown-it:No_npm_name,10.0.0,medium,631
axios:No_npm_name,0.19.2,medium,628
axios:No_npm_name,0.19.2,medium,622
markdown-it:No_npm_name,8.4.2,medium,618
markdown-it:No_npm_name,10.0.0,medium,611
jquery:jquery,1.11.1,medium,608
jquery:jquery,1.11.1,medium,608
jquery:jquery,1.11.1,medium,608
jquery:jquery,1.11.1,medium,608
axios:No_npm_name,0.18.0,medium,605
markdown-it:No_npm_name,10.0.0,medium,602
markdown-it:No_npm_name,12.0.4,medium,600
markdown-it:No_npm_name,10.0.0,medium,598
markdown-it:No_npm_name,10.0.0,medium,587
axios:No_npm_name,0.19.2,medium,585
jquery:jquery,1.10.2,medium,583
jquery:jquery,1.10.2,medium,583
jquery:jquery,1.10.2,medium,583
jquery:jquery,1.10.2,medium,583
jquery:jquery,2.1.0pre,medium,577
jquery:jquery,2.1.0pre,medium,577
jquery:jquery,2.1.0pre,medium,577
jquery:jquery,2.1.0pre,medium,577
axios:No_npm_name,0.18.0,medium,574
jquery:jquery,3.4.1.slim,medium,564
jquery:jquery,3.4.1.slim,medium,564
axios:No_npm_name,0.17.1,medium,561
axios:No_npm_name,0.18.1,medium,556
axios:No_npm_name,0.19.2,medium,551
jquery:jquery,2.1.1,medium,548
jquery:jquery,2.1.1,medium,548
jquery:jquery,2.1.1,medium,548
jquery:jquery,2.1.1,medium,548
axios:No_npm_name,0.19.0-beta.1,medium,542
axios:No_npm_name,0.19.2,medium,540
markdown-it:No_npm_name,10.0.0,medium,537
jquery:jquery,1.9.1,medium,533
jquery:jquery,1.9.1,medium,533
jquery:jquery,1.9.1,medium,533
jquery:jquery,1.9.1,medium,533
jquery:jquery,1.9.1,medium,532
jquery:jquery,1.9.1,medium,532
jquery:jquery,1.9.1,medium,532
jquery:jquery,1.9.1,medium,532
axios:No_npm_name,0.21.0,medium,530
axios:No_npm_name,0.19.2,medium,527
jszip:No_npm_name,3.2.1,medium,527
axios:No_npm_name,0.19.0,medium,526
axios:No_npm_name,0.19.0,medium,525
axios:No_npm_name,0.19.2,medium,522
jquery:jquery,2.1.1,medium,521
jquery:jquery,2.1.1,medium,521
jquery:jquery,2.1.1,medium,521
jquery:jquery,2.1.1,medium,521
axios:No_npm_name,0.18.1,medium,519
axios:No_npm_name,0.18.0,medium,518
jquery:jquery,1.6.1,medium,510
jquery:jquery,1.6.1,medium,510
jquery:jquery,1.6.1,medium,510
jquery:jquery,1.6.1,medium,510
jquery:jquery,1.6.1,medium,510
jquery:jquery,1.6.1,medium,510
jquery:jquery,1.6.1,medium,510
axios:No_npm_name,0.19.2,medium,510
axios:No_npm_name,0.18.0,medium,506
bootstrap:No_npm_name,3.3.5,medium,505
bootstrap:No_npm_name,3.3.5,medium,505
jquery:jquery,2.1.4,medium,505
jquery:jquery,2.1.4,medium,505
bootstrap:No_npm_name,3.3.5,medium,505
jquery:jquery,2.1.4,medium,505
jquery:jquery,2.1.4,medium,505
bootstrap:No_npm_name,3.3.5,medium,505
bootstrap:No_npm_name,3.3.5,medium,505
jquery:jquery,1.11.3,medium,500
jquery:jquery,1.11.3,medium,500
jquery:jquery,1.11.3,medium,500
jquery:jquery,1.11.3,medium,500
axios:No_npm_name,0.18.1,medium,496
markdown-it:No_npm_name,10.0.0,medium,495
axios:No_npm_name,0.18.1,medium,492
bootstrap:No_npm_name,3.3.6,medium,489
bootstrap:No_npm_name,3.3.6,medium,489
bootstrap:No_npm_name,3.3.6,medium,489
bootstrap:No_npm_name,3.3.6,medium,489
bootstrap:No_npm_name,3.3.6,medium,489
axios:No_npm_name,0.15.3,medium,488
handlebars:No_npm_name,1be0b81d,medium,487
jquery:jquery,2.1.1,medium,486
jquery:jquery,2.1.1,medium,486
jquery:jquery,2.1.1,medium,486
jquery:jquery,2.1.1,medium,486
axios:No_npm_name,0.19.2,medium,482
jquery:jquery,1.11.1,medium,481
jquery:jquery,1.11.1,medium,481
jquery:jquery,1.11.1,medium,481
jquery:jquery,1.11.1,medium,481
jquery:jquery,2.0.1,medium,480
jquery:jquery,2.0.1,medium,480
jquery:jquery,2.0.1,medium,480
jquery:jquery,2.0.1,medium,480
axios:No_npm_name,0.20.0,medium,476
jquery:jquery,1.5.1,medium,475
jquery:jquery,1.5.1,medium,475
jquery:jquery,1.5.1,medium,475
jquery:jquery,1.5.1,medium,475
jquery:jquery,1.5.1,medium,475
jquery:jquery,1.5.1,medium,475
jquery:jquery,1.5.1,medium,475
markdown-it:No_npm_name,10.0.0,medium,472
axios:No_npm_name,0.19.2,medium,471
markdown-it:No_npm_name,10.0.0,medium,467
jquery-ui:jquery-ui,1.12.1,medium,464
jquery-ui:jquery-ui,1.12.1,medium,464
jquery-ui:jquery-ui,1.12.1,medium,464
jquery-ui:jquery-ui,1.12.1,medium,464
axios:No_npm_name,0.19.2,medium,462
jquery:jquery,3.3.1,medium,459
jquery:jquery,3.3.1,medium,459
jquery:jquery,3.3.1,medium,459
bootstrap:No_npm_name,4.2.1,medium,455
axios:No_npm_name,0.18.0,medium,453
axios:No_npm_name,0.18.1,medium,453
axios:No_npm_name,0.15.3,medium,452
axios:No_npm_name,0.19.0,medium,443
jquery:jquery,3.4.1,medium,442
jquery:jquery,3.4.1,medium,442
axios:No_npm_name,0.19.2,medium,440
axios:No_npm_name,0.18.0,medium,439
markdown-it:No_npm_name,10.0.0,medium,436
jquery:jquery,2.1.1,medium,434
jquery:jquery,2.1.1,medium,434
jquery:jquery,2.1.1,medium,434
jquery:jquery,2.1.1,medium,434
axios:No_npm_name,0.18.0,medium,433
svelte:No_npm_name,3.35.0,medium,433
markdown-it:No_npm_name,10.0.0,medium,432
axios:No_npm_name,0.18.0,medium,430
bootstrap-select:No_npm_name,1.12.2,medium,427
jquery:jquery,2.1.1,medium,424
jquery:jquery,2.1.1,medium,424
jquery:jquery,2.1.1,medium,424
jquery:jquery,2.1.1,medium,424
axios:No_npm_name,0.15.3,medium,423
markdown-it:No_npm_name,10.0.0,medium,420
jquery:jquery,2.0.0,medium,418
jquery:jquery,2.0.0,medium,418
jquery:jquery,2.0.0,medium,418
jquery:jquery,2.0.0,medium,418
jszip:No_npm_name,3.2.1,medium,418
jquery:jquery,3.2.1.slim,medium,417
jquery:jquery,3.2.1.slim,medium,417
jquery:jquery,3.2.1.slim,medium,417
axios:No_npm_name,0.12.0,medium,416
bootstrap:No_npm_name,4.0.0,medium,413
bootstrap:No_npm_name,4.0.0,medium,413
axios:No_npm_name,0.18.0,medium,413
jquery:jquery,1.12.4,medium,410
jquery:jquery,1.12.4,medium,410
jquery:jquery,1.12.4,medium,410
jquery:jquery,1.12.4,medium,410
axios:No_npm_name,0.18.1,medium,408
markdown-it:No_npm_name,10.0.0,medium,406
jquery:jquery,2.0.0,medium,403
jquery:jquery,2.0.0,medium,403
jquery:jquery,2.0.0,medium,403
markdown-it:No_npm_name,10.0.0,medium,403
jquery:jquery,2.0.0,medium,403
axios:No_npm_name,0.19.2,medium,402
axios:No_npm_name,0.19.2,medium,400
jquery:jquery,1.8.0,medium,400
jquery:jquery,1.8.0,medium,400
jquery:jquery,1.8.0,medium,400
jquery:jquery,1.8.0,medium,400
jquery:jquery,1.8.0,medium,400
jquery:jquery,1.8.0,medium,400
markdown-it:No_npm_name,6.0.1,medium,398
axios:No_npm_name,0.16.2,medium,398
axios:No_npm_name,0.19.2,medium,397
axios:No_npm_name,0.19.0,medium,394
markdown-it:No_npm_name,10.0.0,medium,391
jquery:jquery,3.4.1,medium,386
jquery:jquery,3.4.1,medium,386
axios:No_npm_name,0.20.0,medium,385
jquery:jquery,2.2.4,medium,384
jquery:jquery,2.2.4,medium,384
jquery:jquery,2.2.4,medium,384
jquery:jquery,2.2.4,medium,384
axios:No_npm_name,0.19.0,medium,382
jquery:jquery,1.11.0,medium,382
jquery:jquery,1.11.0,medium,382
jquery:jquery,1.11.0,medium,382
jquery:jquery,1.11.0,medium,382
axios:No_npm_name,0.18.0,medium,381
axios:No_npm_name,0.19.2,medium,381
axios:No_npm_name,0.19.2,medium,378
axios:No_npm_name,0.19.0,medium,376
jquery:jquery,2.1.1,medium,375
jquery:jquery,2.1.1,medium,375
jquery:jquery,2.1.1,medium,375
jquery:jquery,2.1.1,medium,375
svelte:No_npm_name,3.31.2,medium,371
bootstrap:No_npm_name,3.1.1,medium,368
bootstrap:No_npm_name,3.1.1,medium,368
bootstrap:No_npm_name,3.1.1,medium,368
bootstrap:No_npm_name,3.1.1,medium,368
bootstrap:No_npm_name,3.1.1,medium,368
axios:No_npm_name,0.19.0,medium,368
axios:No_npm_name,0.19.2,medium,366
jquery:jquery,1.9.1,medium,365
jquery:jquery,1.9.1,medium,365
jquery:jquery,1.9.1,medium,365
jquery:jquery,1.9.1,medium,365
axios:No_npm_name,0.19.2,medium,363
markdown-it:No_npm_name,10.0.0,medium,361
axios:No_npm_name,0.19.2,medium,359
axios:No_npm_name,0.19.0,medium,358
jquery:jquery,1.8.3,medium,356
jquery:jquery,1.8.3,medium,356
jquery:jquery,1.8.3,medium,356
jquery:jquery,1.8.3,medium,356
jquery:jquery,1.8.3,medium,356
jquery:jquery,1.8.3,medium,356
axios:No_npm_name,0.19.0,medium,356
axios:No_npm_name,0.19.2,medium,353
markdown-it:No_npm_name,10.0.0,medium,353
jquery:jquery,2.1.1,medium,352
svelte:No_npm_name,3.38.2,medium,352
jquery:jquery,2.1.1,medium,352
jquery:jquery,2.1.1,medium,352
jquery:jquery,2.1.1,medium,352
axios:No_npm_name,0.19.2,medium,349
jquery:jquery,1.10.2,medium,347
jquery:jquery,1.10.2,medium,347
jquery:jquery,1.10.2,medium,347
jquery:jquery,1.10.2,medium,347
jquery:jquery,3.3.1,medium,346
jquery:jquery,3.3.1,medium,346
jquery:jquery,3.3.1,medium,346
axios:No_npm_name,0.21.0,medium,341
jquery:jquery,1.9.1,medium,341
jquery:jquery,1.9.1,medium,341
jquery:jquery,1.9.1,medium,341
jquery:jquery,1.9.1,medium,341
axios:No_npm_name,0.18.0,medium,340
axios:No_npm_name,0.16.2,medium,338
markdown-it:No_npm_name,10.0.0,medium,331
jquery:jquery,3.1.1,medium,330
jquery:jquery,3.1.1,medium,330
jquery:jquery,3.1.1,medium,330
axios:No_npm_name,0.19.0,medium,330
jquery:jquery,2.0.0,medium,322
jquery:jquery,2.0.0,medium,322
jquery:jquery,2.0.0,medium,322
jquery:jquery,2.0.0,medium,322
markdown-it:No_npm_name,11.0.0,medium,317
axios:No_npm_name,0.20.0,medium,310
jquery:jquery,1.9.1,medium,308
jquery:jquery,1.9.1,medium,308
jquery:jquery,1.9.1,medium,308
jquery:jquery,1.9.1,medium,308
axios:No_npm_name,0.19.2,medium,304
axios:No_npm_name,0.18.0,medium,302
axios:No_npm_name,0.18.0,medium,301
svelte:No_npm_name,3.35.0,medium,301
jquery:jquery,3.2.1,medium,300
jquery:jquery,3.2.1,medium,300
jquery:jquery,3.2.1,medium,300
axios:No_npm_name,0.19.0,medium,300
axios:No_npm_name,0.19.2,medium,298
axios:No_npm_name,0.19.2,medium,296
axios:No_npm_name,0.21.0,medium,292
jquery:jquery,2.0.3,medium,289
jquery:jquery,2.0.3,medium,289
jquery:jquery,2.0.3,medium,289
markdown-it:No_npm_name,12.0.3,medium,289
jquery:jquery,2.0.3,medium,289
markdown-it:No_npm_name,8.4.2,medium,288
axios:No_npm_name,0.19.0,medium,288
jquery:jquery,2.1.1,medium,288
axios:No_npm_name,0.18.1,medium,288
jquery:jquery,2.1.1,medium,288
jquery:jquery,2.1.1,medium,288
jquery:jquery,2.1.1,medium,288
jszip:No_npm_name,3.5.0,medium,287
jquery:jquery,3.3.1,medium,284
jquery:jquery,3.3.1,medium,284
jquery:jquery,3.3.1,medium,284
axios:No_npm_name,0.18.1,medium,281
axios:No_npm_name,0.18.0,medium,281
jquery:jquery,1.8.3,medium,277
markdown-it:No_npm_name,10.0.0,medium,277
jquery:jquery,1.8.3,medium,277
jquery:jquery,1.8.3,medium,277
jquery:jquery,1.8.3,medium,277
jquery:jquery,3.4.1,medium,277
jquery:jquery,1.8.3,medium,277
jquery:jquery,3.4.1,medium,277
jquery:jquery,1.8.3,medium,277
jquery:jquery,3.3.1,medium,274
jquery:jquery,3.3.1,medium,274
jquery:jquery,3.3.1,medium,274
markdown-it:No_npm_name,10.0.0,medium,271
axios:No_npm_name,0.19.2,medium,269
jquery-ui:jquery-ui,1.12.1,medium,264
jquery-ui:jquery-ui,1.12.1,medium,264
jquery-ui:jquery-ui,1.12.1,medium,264
jquery-ui:jquery-ui,1.12.1,medium,264
axios:No_npm_name,0.19.2,medium,263
bootstrap:No_npm_name,3.3.7,medium,262
bootstrap:No_npm_name,3.3.7,medium,262
bootstrap:No_npm_name,3.3.7,medium,262
bootstrap:No_npm_name,3.3.7,medium,262
bootstrap:No_npm_name,3.3.7,medium,262
jquery:jquery,3.4.1,medium,260
jquery:jquery,3.4.1,medium,260
markdown-it:No_npm_name,10.0.0,medium,259
markdown-it:No_npm_name,10.0.0,medium,257
axios:No_npm_name,0.19.2,medium,257
axios:No_npm_name,0.19.2,medium,257
axios:No_npm_name,0.19.0,medium,256
jquery:jquery,3.4.0,medium,254
jquery:jquery,2.1.1,medium,254
jquery:jquery,2.1.1,medium,254
jquery:jquery,2.1.1,medium,254
jquery:jquery,3.4.0,medium,254
jquery:jquery,2.1.1,medium,254
jszip:No_npm_name,3.2.1,medium,254
axios:No_npm_name,0.18.0,medium,251
jquery:jquery,3.3.1,medium,247
jquery:jquery,3.3.1,medium,247
markdown-it:No_npm_name,10.0.0,medium,247
jquery:jquery,3.3.1,medium,247
axios:No_npm_name,0.18.0,medium,244
markdown-it:No_npm_name,10.0.0,medium,243
axios:No_npm_name,0.19.2,medium,240
axios:No_npm_name,0.19.0,medium,239
axios:No_npm_name,0.19.2,medium,237
bootstrap:No_npm_name,4.0.0,medium,237
bootstrap:No_npm_name,4.0.0,medium,237
bootstrap:No_npm_name,3.3.7,medium,237
bootstrap:No_npm_name,3.3.7,medium,237
bootstrap:No_npm_name,3.3.7,medium,237
bootstrap:No_npm_name,3.3.7,medium,237
bootstrap:No_npm_name,3.3.7,medium,237
jquery:jquery,1.9.1,medium,235
jquery:jquery,1.9.1,medium,235
jquery:jquery,1.9.1,medium,235
jquery:jquery,1.9.1,medium,235
jquery:jquery,3.1.1,medium,232
jquery:jquery,3.1.1,medium,232
jquery:jquery,3.1.1,medium,232
axios:No_npm_name,0.19.0,medium,231
jquery:jquery,2.0.0,medium,230
jquery:jquery,2.0.0,medium,230
jquery:jquery,2.0.0,medium,230
markdown-it:No_npm_name,10.0.0,medium,230
axios:No_npm_name,0.19.2,medium,230
jquery:jquery,2.0.0,medium,230
bootstrap:No_npm_name,3.3.7,medium,229
froala:froala-editor,2.9.6,medium,229
bootstrap:No_npm_name,3.3.7,medium,229
bootstrap:No_npm_name,3.3.7,medium,229
bootstrap:No_npm_name,3.3.7,medium,229
bootstrap:No_npm_name,3.3.7,medium,229
markdown-it:No_npm_name,10.0.0,medium,228
jquery:jquery,1.9.1,medium,228
jquery:jquery,1.9.1,medium,228
jquery:jquery,1.9.1,medium,228
jquery:jquery,1.9.1,medium,228
axios:No_npm_name,0.19.0,medium,226
markdown-it:No_npm_name,12.0.6,medium,225
axios:No_npm_name,0.19.2,medium,225
axios:No_npm_name,0.21.0,medium,224
markdown-it:No_npm_name,11.0.0,medium,223
markdown-it:No_npm_name,10.0.0,medium,219
jquery:jquery,2.1.1,medium,217
jquery:jquery,2.1.1,medium,217
jquery:jquery,2.1.1,medium,217
jquery:jquery,2.1.1,medium,217
markdown-it:No_npm_name,10.0.0,medium,217
jquery:jquery,3.2.1,medium,216
jquery:jquery,3.2.1,medium,216
jquery:jquery,3.2.1,medium,216
axios:No_npm_name,0.18.0,medium,215
axios:No_npm_name,0.19.0,medium,211
markdown-it:No_npm_name,10.0.0,medium,209
jquery:jquery,1.3.2,medium,208
jquery:jquery,1.3.2,medium,208
jquery:jquery,1.3.2,medium,208
jquery:jquery,1.3.2,medium,208
jquery:jquery,1.3.2,medium,208
jquery:jquery,1.3.2,medium,208
jquery:jquery,1.10.2,medium,208
jquery:jquery,1.10.2,medium,208
jquery:jquery,1.10.2,medium,208
jquery:jquery,1.10.2,medium,208
axios:No_npm_name,0.20.0,medium,206
axios:No_npm_name,0.19.2,medium,206
markdown-it:No_npm_name,10.0.0,medium,206
axios:No_npm_name,0.19.2,medium,206
axios:No_npm_name,0.19.0,medium,204
markdown-it:No_npm_name,10.0.0,medium,204
jquery:jquery,1.10.2,medium,202
jquery:jquery,1.10.2,medium,202
axios:No_npm_name,0.19.0,medium,202
jquery:jquery,1.10.2,medium,202
jquery:jquery,1.10.2,medium,202
markdown-it:No_npm_name,10.0.0,medium,200
axios:No_npm_name,0.18.0,medium,199
jquery:jquery,1.8.2,medium,195
jquery:jquery,1.8.2,medium,195
jquery:jquery,1.8.2,medium,195
jquery:jquery,1.8.2,medium,195
jquery:jquery,1.8.2,medium,195
jquery:jquery,1.8.2,medium,195
axios:No_npm_name,0.19.0,medium,194
axios:No_npm_name,0.19.2,medium,192
bootstrap:No_npm_name,3.3.0,medium,190
jquery:jquery,2.1.1,medium,190
bootstrap:No_npm_name,3.3.0,medium,190
jquery:jquery,2.1.1,medium,190
jquery:jquery,2.1.1,medium,190
bootstrap:No_npm_name,3.3.0,medium,190
bootstrap:No_npm_name,3.3.0,medium,190
bootstrap:No_npm_name,3.3.0,medium,190
jquery:jquery,2.1.1,medium,190
markdown-it:No_npm_name,10.0.0,medium,189
axios:No_npm_name,0.20.0,medium,189
svelte:No_npm_name,3.32.3,medium,187
axios:No_npm_name,0.19.2,medium,187
handlebars:No_npm_name,0e89189e,medium,186
axios:No_npm_name,0.18.1,medium,184
markdown-it:No_npm_name,10.0.0,medium,183
axios:No_npm_name,0.19.2,medium,182
markdown-it:No_npm_name,10.0.0,medium,181
jquery-ui:jquery-ui,1.10.3,medium,180
jquery-ui:jquery-ui,1.10.3,medium,180
jquery-ui:jquery-ui,1.10.3,medium,180
jquery-ui:jquery-ui,1.10.3,medium,180
axios:No_npm_name,0.18.0,medium,179
jquery:jquery,1.12.4,medium,179
jquery:jquery,1.12.4,medium,179
jquery:jquery,1.12.4,medium,179
jszip:No_npm_name,3.1.3,medium,179
jquery:jquery,1.12.4,medium,179
axios:No_npm_name,0.18.1,medium,178
axios:No_npm_name,0.19.2,medium,178
axios:No_npm_name,0.19.0,medium,178
axios:No_npm_name,0.19.0,medium,174
jquery:jquery,2.1.1,medium,172
jquery:jquery,2.1.1,medium,172
jquery:jquery,2.1.1,medium,172
axios:No_npm_name,0.19.2,medium,172
jquery:jquery,2.1.1,medium,172
jquery:jquery,2.1.1,medium,172
jquery:jquery,2.1.1,medium,172
jquery:jquery,2.1.1,medium,172
jquery:jquery,2.1.1,medium,172
axios:No_npm_name,0.18.0,medium,170
axios:No_npm_name,0.18.0,medium,168
jquery:jquery,3.4.1,medium,167
jquery:jquery,3.4.1,medium,167
axios:No_npm_name,0.19.2,medium,167
axios:No_npm_name,0.19.2,medium,164
axios:No_npm_name,0.20.0,medium,163
axios:No_npm_name,0.19.2,medium,163
axios:No_npm_name,0.19.2,medium,163
jquery:jquery,2.1.1,medium,159
jquery:jquery,2.1.1,medium,159
axios:No_npm_name,0.18.1,medium,159
jquery:jquery,2.1.1,medium,159
jquery:jquery,2.1.1,medium,159
axios:No_npm_name,0.19.0,medium,159
jquery-ui:jquery-ui,1.12.1,medium,158
jquery-ui:jquery-ui,1.12.1,medium,158
markdown-it:No_npm_name,10.0.0,medium,158
jquery-ui:jquery-ui,1.12.1,medium,158
jquery-ui:jquery-ui,1.12.1,medium,158
jquery:jquery,1.7.1,medium,157
jquery:jquery,1.7.1,medium,157
jquery:jquery,1.7.1,medium,157
jquery:jquery,1.7.1,medium,157
axios:No_npm_name,0.19.2,medium,157
jquery:jquery,1.7.1,medium,157
jquery:jquery,1.7.1,medium,157
jquery:jquery,2.1.1,medium,156
jquery:jquery,2.1.1,medium,156
jquery:jquery,3.4.1,medium,156
jquery:jquery,2.1.1,medium,156
jquery:jquery,2.1.1,medium,156
jquery:jquery,3.4.1,medium,156
jquery:jquery,2.1.1,medium,154
jquery:jquery,2.1.1,medium,154
jquery:jquery,2.1.1,medium,154
jquery:jquery,3.4.1,medium,154
jquery:jquery,2.1.1,medium,154
axios:No_npm_name,0.19.2,medium,154
jquery:jquery,3.4.1,medium,154
markdown-it:No_npm_name,10.0.0,medium,153
bootstrap:No_npm_name,4.1.1,medium,152
bootstrap:No_npm_name,4.1.1,medium,152
axios:No_npm_name,0.20.0,medium,151
markdown-it:No_npm_name,10.0.0,medium,150
axios:No_npm_name,0.18.1,medium,150
jquery:jquery,3.1.1,medium,149
jquery:jquery,3.1.1,medium,149
jquery:jquery,3.1.1,medium,149
markdown-it:No_npm_name,12.0.4,medium,149
markdown-it:No_npm_name,10.0.0,medium,148
axios:No_npm_name,0.19.2,medium,145
jquery:jquery,3.4.1.slim,medium,145
jquery:jquery,3.4.1.slim,medium,145
axios:No_npm_name,0.19.2,medium,145
jquery:jquery,2.1.1,medium,144
jquery:jquery,2.1.1,medium,144
jquery:jquery,2.1.1,medium,144
jquery:jquery,1.9.1,medium,144
jquery:jquery,2.1.1,medium,144
jquery:jquery,1.9.1,medium,144
jquery:jquery,1.9.1,medium,144
jquery:jquery,1.9.1,medium,144
markdown-it:No_npm_name,10.0.0,medium,144
axios:No_npm_name,0.20.0,medium,142
axios:No_npm_name,0.19.2,medium,142
markdown-it:No_npm_name,10.0.0,medium,141
markdown-it:No_npm_name,10.0.0,medium,141
axios:No_npm_name,0.19.2,medium,140
axios:No_npm_name,0.18.0,medium,140
markdown-it:No_npm_name,10.0.0,medium,139
markdown-it:No_npm_name,10.0.0,medium,138
markdown-it:No_npm_name,10.0.0,medium,136
axios:No_npm_name,0.21.0,medium,135
jquery:jquery,1.9.1,medium,134
jquery:jquery,1.9.1,medium,134
jquery:jquery,1.9.1,medium,134
jquery:jquery,1.9.1,medium,134
axios:No_npm_name,0.19.2,medium,133
axios:No_npm_name,0.18.0,medium,131
axios:No_npm_name,0.20.0,medium,130
bootstrap:No_npm_name,3.3.7,medium,129
bootstrap:No_npm_name,3.3.7,medium,129
bootstrap:No_npm_name,3.3.7,medium,129
axios:No_npm_name,0.18.0,medium,129
bootstrap:No_npm_name,3.3.7,medium,129
bootstrap:No_npm_name,3.3.7,medium,129
axios:No_npm_name,0.19.2,medium,129
svelte:No_npm_name,3.31.0,medium,128
jquery:jquery,2.1.1,medium,126
axios:No_npm_name,0.18.0,medium,126
svelte:No_npm_name,3.31.2,medium,126
jquery:jquery,2.1.1,medium,126
jquery:jquery,2.1.1,medium,126
jquery:jquery,2.1.1,medium,126
axios:No_npm_name,0.19.2,medium,125
markdown-it:No_npm_name,10.0.0,medium,125
axios:No_npm_name,0.19.0,medium,125
markdown-it:No_npm_name,10.0.0,medium,124
axios:No_npm_name,0.21.0,medium,123
markdown-it:No_npm_name,10.0.0,medium,123
axios:No_npm_name,0.19.2,medium,122
jquery:jquery,2.1.1,medium,121
jquery:jquery,1.12.4,medium,121
jquery:jquery,2.1.1,medium,121
jquery:jquery,1.12.4,medium,121
axios:No_npm_name,0.19.2,medium,121
jquery:jquery,1.12.4,medium,121
jquery:jquery,1.12.4,medium,121
jquery:jquery,2.1.1,medium,121
jquery:jquery,2.1.1,medium,121
axios:No_npm_name,0.16.2,medium,120
markdown-it:No_npm_name,8.4.2,medium,120
jquery:jquery,1.8.1,medium,119
jquery:jquery,1.8.1,medium,119
jquery:jquery,1.8.1,medium,119
jquery:jquery,1.8.1,medium,119
jquery:jquery,1.8.1,medium,119
jquery:jquery,2.1.1,medium,119
angularjs:angular,1.7.8,medium,119
jquery:jquery,1.8.1,medium,119
jquery:jquery,2.1.1,medium,119
jquery:jquery,2.1.1,medium,119
jquery:jquery,2.1.1,medium,119
axios:No_npm_name,0.19.2,medium,117
axios:No_npm_name,0.19.2,medium,117
axios:No_npm_name,0.19.2,medium,116
axios:No_npm_name,0.20.0,medium,115
axios:No_npm_name,0.19.2,medium,114
axios:No_npm_name,0.19.2,medium,114
jquery:jquery,1.11.1,medium,113
jquery:jquery,1.11.1,medium,113
axios:No_npm_name,0.21.0,medium,113
jquery:jquery,1.11.1,medium,113
jquery:jquery,1.11.1,medium,113
axios:No_npm_name,0.18.0,medium,112
axios:No_npm_name,0.16.2,medium,111
axios:No_npm_name,0.18.0,medium,111
axios:No_npm_name,0.19.0,medium,111
jquery:jquery,2.1.1,medium,110
jquery:jquery,2.1.1,medium,110
svelte:No_npm_name,3.37.0,medium,110
jquery:jquery,2.1.1,medium,110
jquery:jquery,2.1.1,medium,110
jquery:jquery,3.2.1.slim,medium,109
axios:No_npm_name,0.19.0,medium,109
jquery:jquery,3.2.1.slim,medium,109
jquery:jquery,3.2.1.slim,medium,109
jquery:jquery,2.1.1,medium,108
jquery:jquery,2.1.1,medium,108
jquery:jquery,2.1.1,medium,108
jquery:jquery,2.1.1,medium,108
axios:No_npm_name,0.19.2,medium,107
markdown-it:No_npm_name,10.0.0,medium,106
axios:No_npm_name,0.21.0,medium,106
jszip:No_npm_name,3.3.0,medium,105
jquery:jquery,2.1.1,medium,105
jquery:jquery,2.1.1,medium,105
jquery:jquery,2.1.1,medium,105
axios:No_npm_name,0.19.2,medium,105
jquery:jquery,2.1.1,medium,105
bootstrap:No_npm_name,3.3.6,medium,104
bootstrap:No_npm_name,3.3.6,medium,104
bootstrap:No_npm_name,3.3.6,medium,104
bootstrap:No_npm_name,3.3.6,medium,104
bootstrap:No_npm_name,3.3.6,medium,104
jquery:jquery,3.2.1,medium,104
jquery:jquery,3.2.1,medium,104
jquery:jquery,3.2.1,medium,104
markdown-it:No_npm_name,11.0.0,medium,103
axios:No_npm_name,0.20.0,medium,103
axios:No_npm_name,0.18.1,medium,103
jquery:jquery,1.8.3,medium,102
jquery:jquery,1.8.3,medium,102
jquery:jquery,1.8.3,medium,102
jquery:jquery,1.8.3,medium,102
markdown-it:No_npm_name,10.0.0,medium,102
jquery:jquery,1.8.3,medium,102
jquery:jquery,1.8.3,medium,102
axios:No_npm_name,0.20.0,medium,102
axios:No_npm_name,0.19.0,medium,102
axios:No_npm_name,0.19.0,medium,100
axios:No_npm_name,0.18.0,medium,100
jszip:No_npm_name,3.5.0,medium,100
markdown-it:No_npm_name,10.0.0,medium,99
axios:No_npm_name,0.19.2,medium,99
svelte:No_npm_name,3.38.3,medium,98
axios:No_npm_name,0.20.0,medium,98
axios:No_npm_name,0.20.0,medium,97
axios:No_npm_name,0.19.2,medium,97
axios:No_npm_name,0.18.0,medium,95
markdown-it:No_npm_name,11.0.1,medium,95
axios:No_npm_name,0.19.2,medium,93
jquery:jquery,3.2.1,medium,91
jquery:jquery,3.2.1,medium,91
jquery:jquery,3.2.1,medium,91
jquery:jquery,1.11.1,medium,90
jquery:jquery,1.11.1,medium,90
jquery:jquery,1.11.1,medium,90
jquery:jquery,1.11.1,medium,90
bootstrap:No_npm_name,4.1.3,medium,90
jquery:jquery,2.1.0,medium,90
jquery:jquery,2.1.0,medium,90
jquery:jquery,2.1.0,medium,90
jquery:jquery,2.1.0,medium,90
axios:No_npm_name,0.18.0,medium,89
axios:No_npm_name,0.19.2,medium,89
axios:No_npm_name,0.19.2,medium,89
axios:No_npm_name,0.19.2,medium,88
markdown-it:No_npm_name,10.0.0,medium,88
axios:No_npm_name,0.19.0,medium,87
jquery:jquery,1.8.3,medium,86
jquery:jquery,1.8.3,medium,86
jquery:jquery,1.8.3,medium,86
jquery:jquery,1.8.3,medium,86
jquery:jquery,1.8.3,medium,86
jquery:jquery,1.8.3,medium,86
jquery:jquery,2.1.1,medium,85
axios:No_npm_name,0.20.0,medium,85
jquery:jquery,2.1.1,medium,85
axios:No_npm_name,0.19.0,medium,85
axios:No_npm_name,0.19.0,medium,85
jquery:jquery,2.1.1,medium,85
jquery:jquery,2.1.1,medium,85
jquery:jquery,2.1.1,medium,85
jquery:jquery,2.1.1,medium,85
jquery:jquery,2.1.1,medium,85
jquery:jquery,2.1.1,medium,85
axios:No_npm_name,0.20.0,medium,84
jquery:jquery,1.6.3,medium,84
jquery:jquery,1.6.3,medium,84
jquery:jquery,1.6.3,medium,84
jquery:jquery,1.6.3,medium,84
jquery:jquery,1.6.3,medium,84
jquery:jquery,1.6.3,medium,84
axios:No_npm_name,0.19.2,medium,83
axios:No_npm_name,0.19.0,medium,83
axios:No_npm_name,0.18.1,medium,82
axios:No_npm_name,0.18.1,medium,81
markdown-it:No_npm_name,10.0.0,medium,81
bootstrap:No_npm_name,4.1.1,medium,81
bootstrap:No_npm_name,4.1.1,medium,81
jquery:jquery,2.0.0,medium,80
jquery:jquery,2.0.0,medium,80
jquery:jquery,2.0.0,medium,80
jquery:jquery,1.12,medium,80
jquery:jquery,1.12,medium,80
jquery:jquery,1.12,medium,80
jquery:jquery,1.8.2,medium,80
bootstrap:No_npm_name,3.3.4,medium,80
jquery:jquery,1.8.2,medium,80
jquery:jquery,2.0.0,medium,80
jquery:jquery,1.8.2,medium,80
jquery:jquery,1.8.2,medium,80
jquery:jquery,1.8.2,medium,80
bootstrap:No_npm_name,3.3.4,medium,80
jquery:jquery,1.8.2,medium,80
bootstrap:No_npm_name,3.3.4,medium,80
bootstrap:No_npm_name,3.3.4,medium,80
bootstrap:No_npm_name,3.3.4,medium,80
axios:No_npm_name,0.19.2,medium,79
axios:No_npm_name,0.19.2,medium,79
jquery:jquery,2.1.1,medium,78
jquery:jquery,2.1.1,medium,78
jquery:jquery,2.1.1,medium,78
jquery:jquery,2.1.1,medium,78
jquery-ui:jquery-ui,1.11.2,medium,77
jquery-ui:jquery-ui,1.11.2,medium,77
axios:No_npm_name,0.19.2,medium,77
jquery-ui:jquery-ui,1.11.2,medium,77
jquery-ui:jquery-ui,1.11.2,medium,77
axios:No_npm_name,0.18.0,medium,77
jquery:jquery,2.2.4,medium,76
jquery:jquery,2.2.4,medium,76
jquery:jquery,2.2.4,medium,76
jquery:jquery,2.2.4,medium,76
axios:No_npm_name,0.19.2,medium,76
markdown-it:No_npm_name,11.0.0,medium,76
markdown-it:No_npm_name,10.0.0,medium,75
markdown-it:No_npm_name,10.0.0,medium,75
jquery:jquery,1.9.0,medium,75
jquery:jquery,1.9.0,medium,75
bootstrap:No_npm_name,3.3.1,medium,75
bootstrap:No_npm_name,3.3.1,medium,75
bootstrap:No_npm_name,3.3.1,medium,75
bootstrap:No_npm_name,3.3.1,medium,75
bootstrap:No_npm_name,3.3.1,medium,75
jquery:jquery,1.9.0,medium,75
jquery:jquery,1.9.0,medium,75
markdown-it:No_npm_name,10.0.0,medium,74
markdown-it:No_npm_name,10.0.0,medium,74
markdown-it:No_npm_name,10.0.0,medium,72
jquery:jquery,3.4.1,medium,72
markdown-it:No_npm_name,10.0.0,medium,72
jquery:jquery,2.1.1,medium,72
jquery:jquery,2.1.1,medium,72
jquery:jquery,2.1.1,medium,72
jquery:jquery,3.4.1,medium,72
jquery:jquery,3.4.1,medium,72
jquery:jquery,3.4.1,medium,72
jquery:jquery,2.1.1,medium,72
axios:No_npm_name,0.19.0,medium,71
axios:No_npm_name,0.16.2,medium,70
markdown-it:No_npm_name,10.0.0,medium,70
axios:No_npm_name,0.19.2,medium,70
axios:No_npm_name,0.21.0,medium,68
axios:No_npm_name,0.16.2,medium,67
jquery:jquery,1.6.2,medium,64
jquery:jquery,1.6.2,medium,64
jquery:jquery,1.6.2,medium,64
jquery:jquery,1.6.2,medium,64
jquery:jquery,1.6.2,medium,64
jquery:jquery,1.6.2,medium,64
jquery:jquery,1.6.2,medium,64
jquery:jquery,2.1.1,medium,63
jquery:jquery,2.1.1,medium,63
jquery:jquery,2.1.1,medium,63
jquery:jquery,2.1.1,medium,63
jquery:jquery,2.1.1,medium,63
jquery-ui:jquery-ui,1.12.1,medium,63
jquery:jquery,1.9.0,medium,63
jquery:jquery,2.1.1,medium,63
markdown-it:No_npm_name,10.0.0,medium,63
axios:No_npm_name,0.19.0,medium,63
axios:No_npm_name,0.19.0,medium,63
jquery:jquery,2.1.1,medium,63
jquery:jquery,1.9.0,medium,63
jquery-ui:jquery-ui,1.12.1,medium,63
jquery-ui:jquery-ui,1.12.1,medium,63
jquery-ui:jquery-ui,1.12.1,medium,63
jquery:jquery,1.9.0,medium,63
jquery:jquery,1.9.0,medium,63
jquery:jquery,2.1.1,medium,63
DOMPurify:dompurify,0.8.5,medium,62
jquery:jquery,1.12.4,medium,62
jquery:jquery,1.12.4,medium,62
jquery:jquery,1.12.4,medium,62
jquery:jquery,1.12.4,medium,62
jquery:jquery,3.4.1,medium,61
jszip:No_npm_name,3.2.1,medium,61
jquery:jquery,3.4.1,medium,61
axios:No_npm_name,0.20.0,medium,60
markdown-it:No_npm_name,10.0.0,medium,60
jquery:jquery,1.10.2,medium,59
axios:No_npm_name,0.20.0,medium,59
jquery:jquery,1.10.2,medium,59
jquery:jquery,1.10.2,medium,59
jquery:jquery,1.10.2,medium,59
axios:No_npm_name,0.19.2,medium,59
axios:No_npm_name,0.19.2,medium,59
axios:No_npm_name,0.19.2,medium,58
axios:No_npm_name,0.19.0,medium,57
axios:No_npm_name,0.19.2,medium,57
axios:No_npm_name,0.18.0,medium,57
jquery:jquery,3.4.1.slim,medium,56
jquery:jquery,3.4.1.slim,medium,56
markdown-it:No_npm_name,10.0.0,medium,56
jquery:jquery,3.4.1.slim,medium,56
jquery:jquery,3.4.1.slim,medium,56
bootstrap:No_npm_name,3.1.1,medium,55
bootstrap:No_npm_name,3.1.1,medium,55
bootstrap:No_npm_name,3.1.1,medium,55
axios:No_npm_name,0.19.2,medium,55
svelte:No_npm_name,3.37.0,medium,55
bootstrap:No_npm_name,3.1.1,medium,55
bootstrap:No_npm_name,3.1.1,medium,55
jquery:jquery,2.1.1,medium,55
jquery:jquery,2.1.1,medium,55
jquery:jquery,2.1.1,medium,55
jquery:jquery,3.4.1,medium,55
jquery:jquery,3.4.1,medium,55
jszip:No_npm_name,3.1.3,medium,55
jquery:jquery,2.1.1,medium,55
markdown-it:No_npm_name,10.0.0,medium,55
axios:No_npm_name,0.19.0,medium,55
markdown-it:No_npm_name,10.0.0,medium,54
markdown-it:No_npm_name,10.0.0,medium,54
markdown-it:No_npm_name,10.0.0,medium,54
markdown-it:No_npm_name,10.0.0,medium,54
axios:No_npm_name,0.19.2,medium,53
jquery-ui:jquery-ui,1.12.1,medium,53
jquery-ui:jquery-ui,1.12.1,medium,53
jquery-ui:jquery-ui,1.12.1,medium,53
jquery-ui:jquery-ui,1.12.1,medium,53
jquery:jquery,1.10.2,medium,53
jquery:jquery,1.10.2,medium,53
jquery:jquery,1.10.2,medium,53
axios:No_npm_name,0.18.0,medium,53
jquery:jquery,1.10.2,medium,53
jquery:jquery,2.1.1,medium,52
svelte:No_npm_name,3.46.4,medium,52
axios:No_npm_name,0.19.2,medium,52
jquery:jquery,2.1.1,medium,52
jquery:jquery,2.1.1,medium,52
jquery:jquery,2.1.1,medium,52
markdown-it:No_npm_name,10.0.0,medium,51
axios:No_npm_name,0.19.0,medium,51
markdown-it:No_npm_name,10.0.0,medium,51
axios:No_npm_name,0.20.0,medium,50
jquery:jquery,1.7.2,medium,50
jquery:jquery,1.7.2,medium,50
axios:No_npm_name,0.18.0,medium,50
jquery:jquery,1.7.2,medium,50
jquery:jquery,1.7.2,medium,50
jquery:jquery,1.7.2,medium,50
jquery:jquery,1.7.2,medium,50
axios:No_npm_name,0.19.2,medium,49
axios:No_npm_name,0.20.0,medium,49
jquery:jquery,1.9.1,medium,48
jquery:jquery,1.9.1,medium,48
jquery:jquery,1.9.1,medium,48
svelte:No_npm_name,3.35.0,medium,48
jquery:jquery,1.9.1,medium,48
jquery:jquery,3.2.1,medium,48
jquery:jquery,3.3.1,medium,48
jquery:jquery,3.2.1,medium,48
jquery:jquery,3.2.1,medium,48
jquery:jquery,3.3.1,medium,48
axios:No_npm_name,0.19.2,medium,48
axios:No_npm_name,0.18.0,medium,48
jquery:jquery,3.3.1,medium,48
jquery:jquery,2.1.0,medium,47
axios:No_npm_name,0.21.0,medium,47
jquery:jquery,2.1.0,medium,47
jquery:jquery,2.1.0,medium,47
markdown-it:No_npm_name,10.0.0,medium,47
jquery:jquery,1.6.1,medium,47
jquery:jquery,1.6.1,medium,47
jquery:jquery,2.1.0,medium,47
axios:No_npm_name,0.19.2,medium,47
jquery:jquery,1.6.1,medium,47
jquery:jquery,1.6.1,medium,47
jquery:jquery,1.6.1,medium,47
jquery:jquery,1.6.1,medium,47
jquery:jquery,1.6.1,medium,47
axios:No_npm_name,0.19.2,medium,46
axios:No_npm_name,0.18.1,medium,46
axios:No_npm_name,0.19.2,medium,45
jquery:jquery,3.3.1,medium,44
jquery:jquery,3.3.1,medium,44
axios:No_npm_name,0.19.0,medium,44
svelte:No_npm_name,3.46.4,medium,44
axios:No_npm_name,0.19.2,medium,44
jquery:jquery,3.3.1,medium,44
axios:No_npm_name,0.19.2,medium,43
axios:No_npm_name,0.20.0,medium,43
jquery-ui:jquery-ui,1.13.0,medium,43
axios:No_npm_name,0.20.0,medium,42
jquery:jquery,2.1.0-beta2,medium,42
jquery:jquery,2.1.0-beta2,medium,42
jquery:jquery,3.4.1,medium,42
jquery:jquery,2.1.0-beta2,medium,42
jquery:jquery,3.4.1,medium,42
YUI:yui,2.9.0,medium,42
YUI:yui,2.9.0,medium,42
jquery:jquery,2.1.0-beta2,medium,42
YUI:yui,2.9.0,medium,42
axios:No_npm_name,0.19.2,medium,42
markdown-it:No_npm_name,10.0.0,medium,41
bootstrap:No_npm_name,3.3.6,medium,41
bootstrap:No_npm_name,3.3.6,medium,41
axios:No_npm_name,0.19.2,medium,41
bootstrap:No_npm_name,3.3.6,medium,41
bootstrap:No_npm_name,3.3.6,medium,41
bootstrap:No_npm_name,3.3.6,medium,41
jquery:jquery,2.1.1,medium,40
jquery:jquery,2.1.1,medium,40
markdown-it:No_npm_name,10.0.0,medium,40
jquery:jquery,2.1.1,medium,40
bootstrap:No_npm_name,3.3.7,medium,40
markdown-it:No_npm_name,10.0.0,medium,40
bootstrap:No_npm_name,3.3.7,medium,40
bootstrap:No_npm_name,3.3.7,medium,40
markdown-it:No_npm_name,10.0.0,medium,40
bootstrap:No_npm_name,3.3.7,medium,40
bootstrap:No_npm_name,3.3.7,medium,40
jquery:jquery,2.1.1,medium,40
jquery:jquery,1.7.2,medium,39
jquery:jquery,2.1.1,medium,39
jquery:jquery,1.7.2,medium,39
jquery:jquery,1.7.2,medium,39
jquery:jquery,2.1.1,medium,39
jquery:jquery,2.1.1,medium,39
jquery:jquery,2.1.1,medium,39
jquery:jquery,1.7.2,medium,39
jquery:jquery,1.7.2,medium,39
jquery:jquery,1.7.2,medium,39
jquery:jquery,1.7.2,medium,39
jquery:jquery,1.7.2,medium,39
jquery:jquery,1.7.2,medium,39
jquery:jquery,1.7.2,medium,39
jquery:jquery,1.7.2,medium,39
jquery:jquery,1.7.2,medium,39
markdown-it:No_npm_name,10.0.0,medium,39
axios:No_npm_name,0.21.0,medium,38
axios:No_npm_name,0.19.2,medium,38
axios:No_npm_name,0.21.0,medium,37
markdown-it:No_npm_name,11.0.1,medium,37
axios:No_npm_name,0.19.2,medium,36
axios:No_npm_name,0.19.2,medium,36
axios:No_npm_name,0.18.0,medium,36
axios:No_npm_name,0.20.0,medium,35
markdown-it:No_npm_name,10.0.0,medium,35
bootstrap:No_npm_name,3.2.0,medium,34
bootstrap:No_npm_name,3.2.0,medium,34
markdown-it:No_npm_name,10.0.0,medium,34
axios:No_npm_name,0.18.0,medium,34
bootstrap:No_npm_name,3.2.0,medium,34
bootstrap:No_npm_name,3.2.0,medium,34
bootstrap:No_npm_name,3.2.0,medium,34
jquery:jquery,1.7.2,medium,33
jquery:jquery,1.7.2,medium,33
jquery:jquery,1.7.2,medium,33
axios:No_npm_name,0.19.2,medium,33
jquery:jquery,1.7.2,medium,33
axios:No_npm_name,0.18.0,medium,33
jquery:jquery,1.7.2,medium,33
jquery:jquery,1.7.2,medium,33
axios:No_npm_name,0.20.0,medium,33
axios:No_npm_name,0.19.2,medium,33
jquery:jquery,3.3.1,medium,33
jquery:jquery,3.3.1,medium,33
jquery:jquery,3.3.1,medium,33
svelte:No_npm_name,3.48.0,medium,32
markdown-it:No_npm_name,12.0.4,medium,31
markdown-it:No_npm_name,12.2.0,medium,31
axios:No_npm_name,0.19.2,medium,31
jquery:jquery,1.9.1,medium,30
markdown-it:No_npm_name,10.0.0,medium,30
jquery:jquery,2.0.0,medium,30
jquery:jquery,1.9.1,medium,30
jquery:jquery,1.9.1,medium,30
jquery:jquery,1.9.1,medium,30
jquery:jquery,2.0.0,medium,30
jquery:jquery,2.0.0,medium,30
jszip:No_npm_name,3.3.0,medium,30
jquery:jquery,2.0.0,medium,30
markdown-it:No_npm_name,10.0.0,medium,29
jquery-ui:jquery-ui,1.12.1,medium,29
jquery-ui:jquery-ui,1.12.1,medium,29
jquery-ui:jquery-ui,1.12.1,medium,29
jquery-ui:jquery-ui,1.12.1,medium,29
jquery:jquery,3.2.1,medium,29
jquery:jquery,3.2.1,medium,29
jquery:jquery,3.2.1,medium,29
jquery:jquery,3.3.1,medium,28
jquery:jquery,3.3.1,medium,28
jquery:jquery,3.3.1,medium,28
jquery:jquery,2.1.1,medium,28
jquery:jquery,2.1.1,medium,28
jquery:jquery,2.1.1,medium,28
jquery:jquery,2.1.1,medium,28
axios:No_npm_name,0.20.0,medium,27
jszip:No_npm_name,3.6.0,medium,27
jquery:jquery,2.1.1,medium,27
jquery:jquery,2.1.1,medium,27
jquery:jquery,2.1.1,medium,27
jquery:jquery,2.1.1,medium,27
markdown-it:No_npm_name,10.0.0,medium,27
jquery:jquery,2.1.1,medium,26
axios:No_npm_name,0.19.2,medium,26
jquery:jquery,2.1.1,medium,26
jquery:jquery,2.1.1,medium,26
jquery:jquery,2.1.1,medium,26
axios:No_npm_name,0.21.0,medium,26
DOMPurify:dompurify,2.0.12,medium,25
jquery:jquery,2.0.0,medium,25
axios:No_npm_name,0.19.2,medium,25
jquery:jquery,2.0.0,medium,25
markdown-it:No_npm_name,10.0.0,medium,25
jquery:jquery,2.0.0,medium,25
axios:No_npm_name,0.18.1,medium,25
jquery:jquery,2.0.0,medium,25
jquery:jquery,1.6.1,medium,24
jquery:jquery,1.6.1,medium,24
jquery:jquery,1.6.1,medium,24
jquery:jquery,1.6.1,medium,24
jquery:jquery,1.6.1,medium,24
jquery:jquery,1.6.1,medium,24
jquery:jquery,1.6.1,medium,24
jszip:No_npm_name,3.5.0,medium,24
jquery:jquery,1.11.1,medium,23
bootstrap:No_npm_name,3.3.1,medium,23
jquery:jquery,2.1.0,medium,23
jquery:jquery,2.1.0,medium,23
jquery:jquery,2.1.0,medium,23
jquery:jquery,2.1.0,medium,23
jquery:jquery,1.10.2,medium,23
bootstrap:No_npm_name,3.3.1,medium,23
bootstrap:No_npm_name,3.3.1,medium,23
bootstrap:No_npm_name,3.3.1,medium,23
bootstrap:No_npm_name,3.3.1,medium,23
jquery:jquery,1.10.2,medium,23
jquery:jquery,1.11.1,medium,23
jquery:jquery,1.10.2,medium,23
jquery:jquery,1.10.2,medium,23
jquery:jquery,1.11.1,medium,23
axios:No_npm_name,0.21.0,medium,23
jquery:jquery,1.11.1,medium,23
jquery:jquery,1.11.1,medium,22
jquery:jquery,1.11.1,medium,22
jquery:jquery,1.11.1,medium,22
svelte:No_npm_name,3.46.4,medium,22
axios:No_npm_name,0.19.2,medium,22
markdown-it:No_npm_name,10.0.0,medium,22
jquery:jquery,3.4.0,medium,22
jquery:jquery,3.4.0,medium,22
axios:No_npm_name,0.21.0,medium,22
markdown-it:No_npm_name,10.0.0,medium,22
jquery:jquery,1.11.1,medium,22
jquery:jquery,1.12,medium,21
jquery:jquery,1.12,medium,21
jquery:jquery,1.12,medium,21
jquery:jquery,2.1.1,medium,20
jquery:jquery,2.1.1,medium,20
jquery:jquery,2.1.1,medium,20
jquery:jquery,2.1.1,medium,20
YUI:yui,2.9.0,medium,20
YUI:yui,2.9.0,medium,20
jquery:jquery,3.2.1,medium,20
YUI:yui,2.9.0,medium,20
jquery:jquery,3.2.1,medium,20
jquery:jquery,3.2.1,medium,20
axios:No_npm_name,0.19.2,medium,19
markdown-it:No_npm_name,10.0.0,medium,18
axios:No_npm_name,0.19.2,medium,18
jquery:jquery,1.11.0,medium,17
jquery:jquery,1.11.0,medium,17
axios:No_npm_name,0.19.2,medium,17
markdown-it:No_npm_name,10.0.0,medium,17
axios:No_npm_name,0.21.0,medium,17
jquery:jquery,1.11.0,medium,17
jquery:jquery,1.11.0,medium,17
jquery:jquery,1.7.1,medium,16
jquery:jquery,1.7.1,medium,16
jquery-ui:jquery-ui,1.8.18,medium,16
jquery-ui:jquery-ui,1.8.18,medium,16
jquery-ui:jquery-ui,1.8.18,medium,16
jquery-ui:jquery-ui,1.8.18,medium,16
jquery:jquery,1.7.1,medium,16
axios:No_npm_name,0.19.2,medium,16
jquery:jquery,1.7.1,medium,16
jquery:jquery,1.7.1,medium,16
jquery:jquery,1.7.1,medium,16
jquery:jquery,1.12.4,medium,15
jquery:jquery,1.12.4,medium,15
jquery:jquery,1.12.4,medium,15
jquery:jquery,1.12.4,medium,15
axios:No_npm_name,0.19.2,medium,15
markdown-it:No_npm_name,10.0.0,medium,14
axios:No_npm_name,0.18.1,medium,14
axios:No_npm_name,0.19.2,medium,13
markdown-it:No_npm_name,10.0.0,medium,13
svelte:No_npm_name,3.35.0,medium,12
markdown-it:No_npm_name,10.0.0,medium,12
axios:No_npm_name,0.21.0,medium,11
jquery:jquery,2.1.0,medium,11
jquery:jquery,2.1.0,medium,11
jquery:jquery,2.1.0,medium,11
jquery:jquery,2.1.0,medium,11
markdown-it:No_npm_name,10.0.0,medium,11
jquery:jquery,1.7.1,medium,10
jquery:jquery,1.7.1,medium,10
jquery-ui:jquery-ui,1.8.18,medium,10
jquery-ui:jquery-ui,1.8.18,medium,10
jquery-ui:jquery-ui,1.8.18,medium,10
jquery-ui:jquery-ui,1.8.18,medium,10
jquery:jquery,1.7.1,medium,10
axios:No_npm_name,0.19.2,medium,10
jquery:jquery,1.7.1,medium,10
jquery:jquery,1.7.1,medium,10
jquery:jquery,1.7.1,medium,10
axios:No_npm_name,0.20.0,medium,10
svelte:No_npm_name,3.48.0,medium,9
svelte:No_npm_name,3.44.3,medium,9
markdown-it:No_npm_name,10.0.0,medium,9
angularjs:angular,1.4.7,medium,8
angularjs:angular,1.4.7,medium,8
jquery:jquery,1.6.2,medium,7
jquery:jquery,1.6.2,medium,7
jquery:jquery,1.6.2,medium,7
jquery:jquery,1.6.2,medium,7
jquery:jquery,1.6.2,medium,7
jquery:jquery,1.6.2,medium,7
jquery:jquery,2.1.1,medium,7
jquery:jquery,1.6.2,medium,7
jquery:jquery,2.1.1,medium,7
axios:No_npm_name,0.19.2,medium,7
jquery:jquery,3.3.1,medium,7
jquery:jquery,3.3.1,medium,7
jquery:jquery,3.3.1,medium,7
jquery:jquery,2.1.1,medium,7
jquery:jquery,2.1.1,medium,7
markdown-it:No_npm_name,3.0.1,medium,7
markdown-it:No_npm_name,3.0.1,medium,7
jquery:jquery,1.6.2,medium,6
jquery:jquery,1.6.2,medium,6
jquery:jquery,1.6.2,medium,6
jquery:jquery,1.6.2,medium,6
jquery:jquery,1.6.2,medium,6
jquery:jquery,1.6.2,medium,6
jquery:jquery,2.1.1,medium,6
jquery:jquery,2.1.1,medium,6
jquery:jquery,2.1.1,medium,6
jquery:jquery,2.1.1,medium,6
jquery:jquery,1.6.2,medium,6
jquery:jquery,1.11.1,medium,5
jquery:jquery,1.11.1,medium,5
jquery:jquery,1.11.1,medium,5
jquery:jquery,1.11.1,medium,5
jquery:jquery,3.3.1,medium,3
jquery:jquery,3.3.1,medium,3
jquery:jquery,3.3.1,medium,3
markdown-it:No_npm_name,10.0.0,medium,3
axios:No_npm_name,0.19.2,medium,2
markdown-it:No_npm_name,10.0.0,medium,1
jquery:jquery,2.1.0,medium,0
jquery:jquery,2.1.0,medium,0
jquery:jquery,2.1.0,medium,0
jquery:jquery,2.1.0,medium,0
markdown-it:No_npm_name,10.0.0,medium,0
